asin,helpful,overall,reviewText,reviewTime,reviewerID,reviewerName,summary,unixReviewTime
B9354864,"[17, 4]",2,I struggled to finish this book because it was confusing.,"04 13, 2023",A713019849,User_1,I struggled to finish this book because ,1619893800
B3423522,"[6, 16]",3,"Average read, nothing particularly memorable.","04 09, 2021",A118863632,User_2,"Average read, nothing particularly memor",1686508200
B8442358,"[14, 4]",5,Excellent character development and plot twists.,"12 02, 2020",A489758229,User_3,Excellent character development and plot,1737397800
B2447504,"[2, 8]",4,The writing style was easy to follow and enjoyable.,"12 04, 2021",A978423244,User_4,The writing style was easy to follow and,1722969000
B7093811,"[8, 15]",5,The story was engaging from beginning to end.,"01 29, 2024",A373871141,User_5,The story was engaging from beginning to,1598207400
B3333222,"[7, 8]",4,Good book but the pacing felt slow in some chapters.,"12 24, 2020",A485953762,User_6,Good book but the pacing felt slow in so,1722018600
B4965737,"[6, 18]",2,I struggled to finish this book because it was confusing.,"09 25, 2022",A699495360,User_7,I struggled to finish this book because ,1579372200
B6238201,"[9, 14]",2,I struggled to finish this book because it was confusing.,"06 22, 2025",A827629527,User_8,I struggled to finish this book because ,1723919400
B9603130,"[2, 16]",2,I struggled to finish this book because it was confusing.,"12 14, 2024",A626865977,User_9,I struggled to finish this book because ,1657909800
B7039397,"[17, 0]",1,Very disappointing and poorly edited.,"04 25, 2025",A931307912,User_10,Very disappointing and poorly edited.,1706380200
B8151785,"[19, 18]",5,The story was engaging from beginning to end.,"12 22, 2020",A920041222,User_11,The story was engaging from beginning to,1745519400
B5349735,"[4, 7]",5,One of the best books I have read this year.,"05 31, 2023",A245313454,User_12,One of the best books I have read this y,1715538600
B3481888,"[17, 1]",1,Very disappointing and poorly edited.,"03 22, 2021",A651145454,User_13,Very disappointing and poorly edited.,1641925800
B4487868,"[14, 3]",1,Very disappointing and poorly edited.,"06 15, 2025",A200458755,User_14,Very disappointing and poorly edited.,1745260200
B6826801,"[17, 15]",3,Interesting concept but execution could have been better.,"08 25, 2022",A790445198,User_15,Interesting concept but execution could ,1725129000
B2805192,"[9, 5]",1,Very disappointing and poorly edited.,"09 30, 2024",A810218885,User_16,Very disappointing and poorly edited.,1681410600
B8607664,"[15, 19]",5,Excellent character development and plot twists.,"02 09, 2023",A623456761,User_17,Excellent character development and plot,1631989800
B8990481,"[14, 19]",2,The ending felt rushed and unsatisfying.,"10 12, 2020",A175061106,User_18,The ending felt rushed and unsatisfying.,1610562600
B6217439,"[1, 3]",2,The ending felt rushed and unsatisfying.,"12 06, 2022",A608939208,User_19,The ending felt rushed and unsatisfying.,1708281000
B9174823,"[18, 10]",4,Good book but the pacing felt slow in some chapters.,"02 05, 2023",A358235185,User_20,Good book but the pacing felt slow in so,1609525800
B3235493,"[6, 17]",5,The story was engaging from beginning to end.,"10 21, 2023",A628860405,User_21,The story was engaging from beginning to,1688754600
B3908827,"[19, 10]",3,Interesting concept but execution could have been better.,"12 25, 2022",A506474776,User_22,Interesting concept but execution could ,1675362600
B3751852,"[14, 17]",5,The story was engaging from beginning to end.,"07 02, 2020",A336447770,User_23,The story was engaging from beginning to,1584469800
B3619450,"[2, 4]",2,I struggled to finish this book because it was confusing.,"10 11, 2022",A664257158,User_24,I struggled to finish this book because ,1749839400
B7831172,"[18, 5]",2,The ending felt rushed and unsatisfying.,"12 04, 2023",A672086140,User_25,The ending felt rushed and unsatisfying.,1689445800
B4677040,"[14, 20]",4,Good book but the pacing felt slow in some chapters.,"04 19, 2020",A890730868,User_26,Good book but the pacing felt slow in so,1736015400
B8598329,"[4, 10]",2,I struggled to finish this book because it was confusing.,"09 07, 2021",A622892644,User_27,I struggled to finish this book because ,1606069800
B8993763,"[1, 4]",4,The writing style was easy to follow and enjoyable.,"12 25, 2022",A101394132,User_28,The writing style was easy to follow and,1728153000
B8024894,"[7, 17]",2,The ending felt rushed and unsatisfying.,"04 07, 2021",A754661016,User_29,The ending felt rushed and unsatisfying.,1697221800
B1140949,"[1, 7]",5,The story was engaging from beginning to end.,"04 05, 2020",A681478233,User_30,The story was engaging from beginning to,1658773800
B6191694,"[3, 7]",4,The writing style was easy to follow and enjoyable.,"12 10, 2020",A106447037,User_31,The writing style was easy to follow and,1684607400
B2437710,"[12, 20]",2,I struggled to finish this book because it was confusing.,"08 21, 2022",A601845444,User_32,I struggled to finish this book because ,1659033000
B2162201,"[16, 17]",3,Interesting concept but execution could have been better.,"02 18, 2023",A475778528,User_33,Interesting concept but execution could ,1702405800
B9121877,"[2, 15]",5,The story was engaging from beginning to end.,"03 18, 2024",A803119222,User_34,The story was engaging from beginning to,1708367400
B8520715,"[1, 4]",2,I struggled to finish this book because it was confusing.,"02 24, 2021",A807847759,User_35,I struggled to finish this book because ,1613068200
B3079174,"[16, 8]",5,The story was engaging from beginning to end.,"04 27, 2023",A886307991,User_36,The story was engaging from beginning to,1735065000
B8119530,"[11, 19]",2,I struggled to finish this book because it was confusing.,"10 29, 2021",A184058189,User_37,I struggled to finish this book because ,1705775400
B3118767,"[14, 5]",4,Good book but the pacing felt slow in some chapters.,"07 18, 2023",A618963146,User_38,Good book but the pacing felt slow in so,1674844200
B5442228,"[3, 16]",4,The writing style was easy to follow and enjoyable.,"12 24, 2020",A948426164,User_39,The writing style was easy to follow and,1666636200
B6465807,"[3, 16]",5,One of the best books I have read this year.,"09 24, 2020",A650784367,User_40,One of the best books I have read this y,1626028200
B5682232,"[1, 3]",5,One of the best books I have read this year.,"02 22, 2024",A878727858,User_41,One of the best books I have read this y,1696703400
B2196438,"[12, 10]",4,The writing style was easy to follow and enjoyable.,"01 08, 2021",A955167257,User_42,The writing style was easy to follow and,1705602600
B4384132,"[7, 4]",5,Excellent character development and plot twists.,"08 08, 2023",A360830406,User_43,Excellent character development and plot,1615055400
B4892906,"[4, 0]",2,I struggled to finish this book because it was confusing.,"12 01, 2022",A382305625,User_44,I struggled to finish this book because ,1628447400
B9772419,"[1, 7]",1,Very disappointing and poorly edited.,"05 22, 2024",A614420974,User_45,Very disappointing and poorly edited.,1694197800
B8251434,"[4, 5]",5,One of the best books I have read this year.,"05 21, 2022",A154272568,User_46,One of the best books I have read this y,1671561000
B4661835,"[5, 6]",5,One of the best books I have read this year.,"03 09, 2023",A279850305,User_47,One of the best books I have read this y,1647282600
B4068408,"[3, 17]",1,Very disappointing and poorly edited.,"09 27, 2020",A844861688,User_48,Very disappointing and poorly edited.,1708799400
B6643160,"[11, 4]",3,"Average read, nothing particularly memorable.","01 07, 2020",A366646533,User_49,"Average read, nothing particularly memor",1643308200
B3409704,"[14, 11]",5,The story was engaging from beginning to end.,"09 13, 2022",A595299475,User_50,The story was engaging from beginning to,1666895400
B3160427,"[14, 15]",4,Good book but the pacing felt slow in some chapters.,"06 20, 2020",A788584689,User_51,Good book but the pacing felt slow in so,1588271400
B8255653,"[16, 1]",3,Interesting concept but execution could have been better.,"04 17, 2024",A747916504,User_52,Interesting concept but execution could ,1743273000
B3439760,"[6, 1]",5,Excellent character development and plot twists.,"10 04, 2023",A458831789,User_53,Excellent character development and plot,1711737000
B8814763,"[10, 1]",3,Interesting concept but execution could have been better.,"09 19, 2024",A695496373,User_54,Interesting concept but execution could ,1688149800
B2774876,"[4, 11]",2,The ending felt rushed and unsatisfying.,"03 30, 2024",A809057441,User_55,The ending felt rushed and unsatisfying.,1682793000
B1745161,"[20, 17]",3,Interesting concept but execution could have been better.,"08 23, 2020",A331846465,User_56,Interesting concept but execution could ,1670956200
B1548452,"[8, 5]",4,Good book but the pacing felt slow in some chapters.,"08 08, 2022",A350080043,User_57,Good book but the pacing felt slow in so,1589653800
B9324268,"[12, 7]",4,Good book but the pacing felt slow in some chapters.,"04 19, 2021",A747767406,User_58,Good book but the pacing felt slow in so,1725474600
B7024080,"[15, 6]",3,Interesting concept but execution could have been better.,"02 09, 2021",A207362408,User_59,Interesting concept but execution could ,1675449000
B4904690,"[19, 0]",2,I struggled to finish this book because it was confusing.,"01 03, 2022",A597445491,User_60,I struggled to finish this book because ,1711218600
B5654431,"[7, 17]",4,Good book but the pacing felt slow in some chapters.,"05 14, 2025",A607119791,User_61,Good book but the pacing felt slow in so,1613845800
B7636201,"[0, 1]",5,Excellent character development and plot twists.,"08 29, 2020",A734060128,User_62,Excellent character development and plot,1580668200
B9960004,"[7, 3]",2,The ending felt rushed and unsatisfying.,"07 08, 2024",A307392133,User_63,The ending felt rushed and unsatisfying.,1658341800
B2409642,"[9, 4]",1,Very disappointing and poorly edited.,"04 21, 2021",A123907838,User_64,Very disappointing and poorly edited.,1705429800
B8620879,"[18, 20]",5,The story was engaging from beginning to end.,"05 17, 2024",A733265535,User_65,The story was engaging from beginning to,1669573800
B3472902,"[16, 13]",5,One of the best books I have read this year.,"05 01, 2021",A782766127,User_66,One of the best books I have read this y,1582569000
B9833634,"[9, 10]",5,One of the best books I have read this year.,"01 19, 2021",A352673234,User_67,One of the best books I have read this y,1694543400
B7965753,"[4, 2]",3,Interesting concept but execution could have been better.,"10 17, 2021",A353429309,User_68,Interesting concept but execution could ,1595183400
B6339567,"[1, 11]",5,One of the best books I have read this year.,"05 14, 2025",A862961379,User_69,One of the best books I have read this y,1726857000
B2885042,"[15, 5]",4,The writing style was easy to follow and enjoyable.,"01 04, 2025",A964789126,User_70,The writing style was easy to follow and,1621794600
B1274311,"[15, 7]",2,The ending felt rushed and unsatisfying.,"10 31, 2024",A651110000,User_71,The ending felt rushed and unsatisfying.,1625423400
B2334149,"[10, 8]",4,Good book but the pacing felt slow in some chapters.,"09 16, 2020",A667153338,User_72,Good book but the pacing felt slow in so,1679682600
B8223730,"[17, 19]",5,One of the best books I have read this year.,"08 26, 2020",A780199454,User_73,One of the best books I have read this y,1654021800
B2107325,"[17, 12]",2,I struggled to finish this book because it was confusing.,"02 02, 2025",A226963886,User_74,I struggled to finish this book because ,1632421800
B3815170,"[6, 19]",3,"Average read, nothing particularly memorable.","06 17, 2024",A862357100,User_75,"Average read, nothing particularly memor",1609785000
B6438883,"[17, 7]",3,"Average read, nothing particularly memorable.","08 13, 2024",A280657412,User_76,"Average read, nothing particularly memor",1736620200
B5620473,"[15, 18]",2,I struggled to finish this book because it was confusing.,"01 05, 2023",A450861847,User_77,I struggled to finish this book because ,1636569000
B1469559,"[11, 15]",2,The ending felt rushed and unsatisfying.,"04 28, 2020",A514777970,User_78,The ending felt rushed and unsatisfying.,1701973800
B4282787,"[15, 14]",5,The story was engaging from beginning to end.,"10 20, 2022",A555094415,User_79,The story was engaging from beginning to,1651257000
B7316748,"[16, 13]",1,Very disappointing and poorly edited.,"03 29, 2023",A564130071,User_80,Very disappointing and poorly edited.,1586802600
B3143106,"[19, 15]",2,I struggled to finish this book because it was confusing.,"04 23, 2020",A765375644,User_81,I struggled to finish this book because ,1637433000
B4017383,"[14, 13]",2,I struggled to finish this book because it was confusing.,"05 23, 2020",A193671139,User_82,I struggled to finish this book because ,1645468200
B7129170,"[2, 18]",2,The ending felt rushed and unsatisfying.,"02 03, 2021",A181419958,User_83,The ending felt rushed and unsatisfying.,1614364200
B5562458,"[0, 3]",4,The writing style was easy to follow and enjoyable.,"04 14, 2020",A152336389,User_84,The writing style was easy to follow and,1662575400
B1371675,"[6, 1]",1,Very disappointing and poorly edited.,"07 17, 2021",A727599691,User_85,Very disappointing and poorly edited.,1617129000
B8614857,"[7, 7]",4,Good book but the pacing felt slow in some chapters.,"11 01, 2021",A117003083,User_86,Good book but the pacing felt slow in so,1604687400
B7427071,"[8, 13]",5,The story was engaging from beginning to end.,"11 25, 2020",A665273628,User_87,The story was engaging from beginning to,1598985000
B8246028,"[6, 13]",2,The ending felt rushed and unsatisfying.,"10 31, 2023",A723698609,User_88,The ending felt rushed and unsatisfying.,1733337000
B1579654,"[13, 18]",3,"Average read, nothing particularly memorable.","02 26, 2024",A144986056,User_89,"Average read, nothing particularly memor",1646073000
B3854716,"[20, 9]",3,"Average read, nothing particularly memorable.","11 01, 2024",A492964406,User_90,"Average read, nothing particularly memor",1719081000
B5724528,"[1, 18]",4,Good book but the pacing felt slow in some chapters.,"01 03, 2024",A520497580,User_91,Good book but the pacing felt slow in so,1610217000
B2426286,"[4, 10]",1,Very disappointing and poorly edited.,"06 23, 2021",A396935112,User_92,Very disappointing and poorly edited.,1677177000
B6944201,"[18, 14]",5,One of the best books I have read this year.,"11 08, 2023",A823252997,User_93,One of the best books I have read this y,1635618600
B7784584,"[18, 8]",4,The writing style was easy to follow and enjoyable.,"05 03, 2022",A606737392,User_94,The writing style was easy to follow and,1640629800
B4643667,"[17, 11]",2,I struggled to finish this book because it was confusing.,"04 06, 2021",A142103141,User_95,I struggled to finish this book because ,1629829800
B7758404,"[1, 1]",4,The writing style was easy to follow and enjoyable.,"07 07, 2021",A557654646,User_96,The writing style was easy to follow and,1724265000
B4497994,"[10, 19]",3,Interesting concept but execution could have been better.,"06 02, 2022",A814736016,User_97,Interesting concept but execution could ,1655404200
B4148386,"[2, 14]",5,The story was engaging from beginning to end.,"01 10, 2020",A597010010,User_98,The story was engaging from beginning to,1650911400
B8836252,"[15, 0]",5,The story was engaging from beginning to end.,"09 15, 2020",A728040591,User_99,The story was engaging from beginning to,1607365800
B8042730,"[0, 2]",5,One of the best books I have read this year.,"01 31, 2024",A225160475,User_100,One of the best books I have read this y,1741890600
B3713623,"[3, 4]",3,"Average read, nothing particularly memorable.","04 09, 2022",A528149661,User_101,"Average read, nothing particularly memor",1680028200
B6504253,"[5, 20]",2,I struggled to finish this book because it was confusing.,"06 23, 2022",A339328705,User_102,I struggled to finish this book because ,1704825000
B1972503,"[2, 19]",5,One of the best books I have read this year.,"11 24, 2020",A394792757,User_103,One of the best books I have read this y,1736274600
B5944316,"[12, 4]",2,I struggled to finish this book because it was confusing.,"03 24, 2023",A371599920,User_104,I struggled to finish this book because ,1735756200
B6090280,"[18, 2]",5,Excellent character development and plot twists.,"03 14, 2021",A616049648,User_105,Excellent character development and plot,1723055400
B9739748,"[7, 10]",3,"Average read, nothing particularly memorable.","02 22, 2025",A700237549,User_106,"Average read, nothing particularly memor",1658860200
B7575872,"[3, 9]",5,The story was engaging from beginning to end.,"09 02, 2020",A131204546,User_107,The story was engaging from beginning to,1631644200
B8387562,"[17, 3]",2,I struggled to finish this book because it was confusing.,"10 08, 2023",A183919034,User_108,I struggled to finish this book because ,1681410600
B9053775,"[12, 16]",5,The story was engaging from beginning to end.,"07 28, 2022",A144749782,User_109,The story was engaging from beginning to,1694284200
B2213088,"[9, 3]",5,Excellent character development and plot twists.,"05 19, 2023",A294678362,User_110,Excellent character development and plot,1591554600
B3229241,"[2, 1]",3,"Average read, nothing particularly memorable.","03 05, 2023",A655519610,User_111,"Average read, nothing particularly memor",1598466600
B2544461,"[2, 9]",4,The writing style was easy to follow and enjoyable.,"03 10, 2024",A130009624,User_112,The writing style was easy to follow and,1692124200
B9517395,"[18, 17]",4,The writing style was easy to follow and enjoyable.,"11 13, 2024",A300598342,User_113,The writing style was easy to follow and,1687113000
B1043730,"[3, 3]",3,"Average read, nothing particularly memorable.","05 31, 2023",A649888619,User_114,"Average read, nothing particularly memor",1637260200
B1280352,"[3, 19]",4,Good book but the pacing felt slow in some chapters.,"07 06, 2022",A537431768,User_115,Good book but the pacing felt slow in so,1632249000
B5263407,"[20, 5]",4,Good book but the pacing felt slow in some chapters.,"06 03, 2025",A569559841,User_116,Good book but the pacing felt slow in so,1657391400
B7405283,"[8, 16]",3,Interesting concept but execution could have been better.,"03 18, 2023",A683927834,User_117,Interesting concept but execution could ,1741285800
B4379369,"[16, 1]",5,Excellent character development and plot twists.,"04 08, 2021",A411546575,User_118,Excellent character development and plot,1582396200
B5716512,"[3, 13]",2,I struggled to finish this book because it was confusing.,"08 04, 2020",A812715773,User_119,I struggled to finish this book because ,1710095400
B1288079,"[13, 13]",3,Interesting concept but execution could have been better.,"11 04, 2023",A645052136,User_120,Interesting concept but execution could ,1604169000
B2153981,"[19, 14]",4,The writing style was easy to follow and enjoyable.,"12 15, 2023",A806416244,User_121,The writing style was easy to follow and,1676399400
B4926640,"[10, 17]",5,One of the best books I have read this year.,"12 14, 2021",A408651627,User_122,One of the best books I have read this y,1729881000
B1064757,"[6, 7]",4,Good book but the pacing felt slow in some chapters.,"08 04, 2024",A471847398,User_123,Good book but the pacing felt slow in so,1720809000
B7529162,"[5, 6]",5,Excellent character development and plot twists.,"11 23, 2023",A361396108,User_124,Excellent character development and plot,1602009000
B1463803,"[20, 10]",1,Very disappointing and poorly edited.,"12 30, 2022",A402871632,User_125,Very disappointing and poorly edited.,1612031400
B3504239,"[20, 9]",4,The writing style was easy to follow and enjoyable.,"05 02, 2025",A637483334,User_126,The writing style was easy to follow and,1625855400
B9522620,"[16, 6]",3,"Average read, nothing particularly memorable.","01 13, 2020",A368841829,User_127,"Average read, nothing particularly memor",1671388200
B2115745,"[16, 20]",2,The ending felt rushed and unsatisfying.,"03 12, 2022",A812729412,User_128,The ending felt rushed and unsatisfying.,1725647400
B1302119,"[12, 5]",5,One of the best books I have read this year.,"08 23, 2023",A154196704,User_129,One of the best books I have read this y,1674844200
B1392365,"[11, 2]",3,"Average read, nothing particularly memorable.","04 10, 2020",A903513133,User_130,"Average read, nothing particularly memor",1723833000
B8329957,"[4, 15]",4,The writing style was easy to follow and enjoyable.,"03 17, 2023",A740609890,User_131,The writing style was easy to follow and,1608748200
B6301068,"[18, 13]",2,I struggled to finish this book because it was confusing.,"12 16, 2024",A937116959,User_132,I struggled to finish this book because ,1650825000
B3301810,"[17, 14]",1,Very disappointing and poorly edited.,"12 14, 2023",A437257253,User_133,Very disappointing and poorly edited.,1703183400
B7558497,"[12, 14]",5,One of the best books I have read this year.,"09 07, 2023",A492834179,User_134,One of the best books I have read this y,1714761000
B1014631,"[2, 12]",5,The story was engaging from beginning to end.,"08 18, 2023",A954169820,User_135,The story was engaging from beginning to,1626287400
B9971629,"[6, 8]",4,Good book but the pacing felt slow in some chapters.,"03 29, 2021",A646568597,User_136,Good book but the pacing felt slow in so,1587234600
B1124182,"[14, 11]",4,The writing style was easy to follow and enjoyable.,"04 15, 2020",A113724221,User_137,The writing style was easy to follow and,1706898600
B9437291,"[4, 6]",3,"Average read, nothing particularly memorable.","08 20, 2023",A887732383,User_138,"Average read, nothing particularly memor",1598985000
B8263860,"[5, 9]",1,Very disappointing and poorly edited.,"02 20, 2022",A219681544,User_139,Very disappointing and poorly edited.,1623868200
B2736175,"[19, 7]",5,The story was engaging from beginning to end.,"06 29, 2021",A529894543,User_140,The story was engaging from beginning to,1713119400
B3055292,"[3, 20]",1,Very disappointing and poorly edited.,"03 28, 2021",A395222508,User_141,Very disappointing and poorly edited.,1742754600
B1540782,"[17, 4]",2,The ending felt rushed and unsatisfying.,"04 02, 2020",A315515728,User_142,The ending felt rushed and unsatisfying.,1710613800
B4269602,"[3, 3]",2,The ending felt rushed and unsatisfying.,"11 03, 2023",A787130659,User_143,The ending felt rushed and unsatisfying.,1633372200
B2732599,"[3, 14]",2,The ending felt rushed and unsatisfying.,"11 07, 2023",A449253461,User_144,The ending felt rushed and unsatisfying.,1640370600
B5701698,"[9, 12]",4,The writing style was easy to follow and enjoyable.,"09 11, 2023",A159485500,User_145,The writing style was easy to follow and,1715193000
B9117285,"[13, 4]",4,The writing style was easy to follow and enjoyable.,"08 31, 2021",A889502064,User_146,The writing style was easy to follow and,1720290600
B6473365,"[10, 3]",3,"Average read, nothing particularly memorable.","06 20, 2021",A359952774,User_147,"Average read, nothing particularly memor",1657909800
B3291399,"[9, 10]",5,The story was engaging from beginning to end.,"06 17, 2022",A125054179,User_148,The story was engaging from beginning to,1742668200
B6677328,"[16, 0]",5,One of the best books I have read this year.,"01 06, 2021",A464510875,User_149,One of the best books I have read this y,1658255400
B4644103,"[11, 12]",3,"Average read, nothing particularly memorable.","12 10, 2020",A124503551,User_150,"Average read, nothing particularly memor",1606847400
B9172647,"[6, 11]",2,The ending felt rushed and unsatisfying.,"05 13, 2025",A231310186,User_151,The ending felt rushed and unsatisfying.,1584297000
B4598551,"[20, 3]",2,The ending felt rushed and unsatisfying.,"09 03, 2020",A352537135,User_152,The ending felt rushed and unsatisfying.,1712255400
B9703882,"[3, 3]",2,The ending felt rushed and unsatisfying.,"05 01, 2022",A200488456,User_153,The ending felt rushed and unsatisfying.,1723919400
B1789969,"[16, 15]",2,The ending felt rushed and unsatisfying.,"02 07, 2022",A422228676,User_154,The ending felt rushed and unsatisfying.,1609353000
B9092151,"[16, 3]",3,Interesting concept but execution could have been better.,"06 23, 2024",A216885493,User_155,Interesting concept but execution could ,1611081000
B6437808,"[3, 15]",4,Good book but the pacing felt slow in some chapters.,"01 22, 2023",A842027612,User_156,Good book but the pacing felt slow in so,1721500200
B6037652,"[13, 0]",2,The ending felt rushed and unsatisfying.,"01 12, 2023",A738298758,User_157,The ending felt rushed and unsatisfying.,1600713000
B9054999,"[5, 3]",5,Excellent character development and plot twists.,"11 24, 2023",A605070198,User_158,Excellent character development and plot,1582396200
B1102847,"[10, 16]",3,Interesting concept but execution could have been better.,"05 09, 2022",A873232451,User_159,Interesting concept but execution could ,1665685800
B3093207,"[0, 13]",4,The writing style was easy to follow and enjoyable.,"04 06, 2020",A452280220,User_160,The writing style was easy to follow and,1691519400
B9013356,"[15, 8]",5,Excellent character development and plot twists.,"01 26, 2021",A681683005,User_161,Excellent character development and plot,1659119400
B4601910,"[17, 6]",5,The story was engaging from beginning to end.,"10 20, 2020",A897110509,User_162,The story was engaging from beginning to,1729535400
B9520001,"[9, 4]",3,"Average read, nothing particularly memorable.","12 14, 2020",A534607983,User_163,"Average read, nothing particularly memor",1618165800
B3424729,"[11, 6]",4,Good book but the pacing felt slow in some chapters.,"01 05, 2021",A792731325,User_164,Good book but the pacing felt slow in so,1700332200
B9074031,"[17, 12]",1,Very disappointing and poorly edited.,"10 08, 2023",A552566371,User_165,Very disappointing and poorly edited.,1606156200
B5426191,"[15, 8]",2,The ending felt rushed and unsatisfying.,"12 08, 2024",A162121038,User_166,The ending felt rushed and unsatisfying.,1618165800
B6253655,"[16, 0]",5,The story was engaging from beginning to end.,"12 19, 2022",A991038915,User_167,The story was engaging from beginning to,1578594600
B8691243,"[4, 17]",3,"Average read, nothing particularly memorable.","10 16, 2020",A541653631,User_168,"Average read, nothing particularly memor",1578594600
B2543693,"[1, 10]",5,Excellent character development and plot twists.,"02 18, 2024",A696831813,User_169,Excellent character development and plot,1715106600
B1315394,"[13, 12]",5,One of the best books I have read this year.,"02 09, 2024",A655012523,User_170,One of the best books I have read this y,1624818600
B7768829,"[16, 1]",3,"Average read, nothing particularly memorable.","10 31, 2024",A281351113,User_171,"Average read, nothing particularly memor",1667068200
B7805167,"[4, 7]",2,I struggled to finish this book because it was confusing.,"07 16, 2024",A332376687,User_172,I struggled to finish this book because ,1722623400
B4199232,"[1, 4]",4,Good book but the pacing felt slow in some chapters.,"05 17, 2024",A625517541,User_173,Good book but the pacing felt slow in so,1737225000
B5687781,"[8, 7]",4,Good book but the pacing felt slow in some chapters.,"03 07, 2022",A247909760,User_174,Good book but the pacing felt slow in so,1737743400
B2897514,"[2, 1]",4,Good book but the pacing felt slow in some chapters.,"10 08, 2021",A356734784,User_175,Good book but the pacing felt slow in so,1650220200
B7709552,"[13, 17]",5,One of the best books I have read this year.,"04 28, 2024",A381038448,User_176,One of the best books I have read this y,1723228200
B4448388,"[11, 5]",5,The story was engaging from beginning to end.,"07 23, 2021",A442216989,User_177,The story was engaging from beginning to,1587407400
B4012724,"[4, 10]",4,The writing style was easy to follow and enjoyable.,"03 31, 2025",A543949305,User_178,The writing style was easy to follow and,1637605800
B7344595,"[12, 4]",5,The story was engaging from beginning to end.,"08 06, 2020",A603593268,User_179,The story was engaging from beginning to,1607538600
B5312160,"[0, 1]",4,The writing style was easy to follow and enjoyable.,"11 19, 2020",A284185892,User_180,The writing style was easy to follow and,1733250600
B3145148,"[5, 2]",1,Very disappointing and poorly edited.,"06 25, 2020",A520202683,User_181,Very disappointing and poorly edited.,1593023400
B5854450,"[4, 0]",5,One of the best books I have read this year.,"05 17, 2021",A610880355,User_182,One of the best books I have read this y,1640802600
B1817016,"[15, 19]",3,Interesting concept but execution could have been better.,"10 18, 2024",A922323634,User_183,Interesting concept but execution could ,1583519400
B2469595,"[17, 11]",1,Very disappointing and poorly edited.,"02 10, 2025",A630751216,User_184,Very disappointing and poorly edited.,1682620200
B9628501,"[2, 18]",5,One of the best books I have read this year.,"12 14, 2023",A974796841,User_185,One of the best books I have read this y,1732732200
B1664863,"[19, 20]",4,The writing style was easy to follow and enjoyable.,"12 23, 2021",A381734310,User_186,The writing style was easy to follow and,1592418600
B7337378,"[19, 10]",3,"Average read, nothing particularly memorable.","10 24, 2022",A192421147,User_187,"Average read, nothing particularly memor",1596220200
B5384723,"[2, 2]",4,The writing style was easy to follow and enjoyable.,"08 04, 2023",A955672212,User_188,The writing style was easy to follow and,1730226600
B5804343,"[5, 6]",2,I struggled to finish this book because it was confusing.,"05 27, 2023",A831107828,User_189,I struggled to finish this book because ,1669228200
B1305254,"[16, 2]",5,Excellent character development and plot twists.,"09 07, 2020",A961464777,User_190,Excellent character development and plot,1673116200
B7211889,"[1, 1]",4,The writing style was easy to follow and enjoyable.,"03 21, 2021",A286143943,User_191,The writing style was easy to follow and,1635273000
B4111085,"[10, 13]",3,Interesting concept but execution could have been better.,"06 01, 2022",A906939301,User_192,Interesting concept but execution could ,1651429800
B1435025,"[20, 9]",2,The ending felt rushed and unsatisfying.,"12 25, 2023",A859942173,User_193,The ending felt rushed and unsatisfying.,1685903400
B4620636,"[18, 6]",5,The story was engaging from beginning to end.,"04 08, 2025",A962858575,User_194,The story was engaging from beginning to,1689964200
B8262673,"[16, 19]",5,The story was engaging from beginning to end.,"08 30, 2021",A402049748,User_195,The story was engaging from beginning to,1706639400
B9881246,"[19, 12]",2,The ending felt rushed and unsatisfying.,"04 28, 2020",A425683594,User_196,The ending felt rushed and unsatisfying.,1643481000
B5353413,"[9, 20]",2,The ending felt rushed and unsatisfying.,"11 15, 2022",A464465632,User_197,The ending felt rushed and unsatisfying.,1721673000
B9266618,"[12, 5]",5,Excellent character development and plot twists.,"05 14, 2022",A526952813,User_198,Excellent character development and plot,1586025000
B7219450,"[15, 14]",4,Good book but the pacing felt slow in some chapters.,"05 01, 2023",A688222239,User_199,Good book but the pacing felt slow in so,1734892200
B5553348,"[12, 2]",3,"Average read, nothing particularly memorable.","09 10, 2021",A126841349,User_200,"Average read, nothing particularly memor",1663957800
B2946484,"[16, 10]",3,"Average read, nothing particularly memorable.","03 04, 2021",A696825738,User_201,"Average read, nothing particularly memor",1679164200
B3586326,"[7, 20]",5,The story was engaging from beginning to end.,"02 12, 2025",A739545602,User_202,The story was engaging from beginning to,1651257000
B2920531,"[15, 18]",4,The writing style was easy to follow and enjoyable.,"12 23, 2023",A564200400,User_203,The writing style was easy to follow and,1750357800
B4681495,"[12, 14]",2,The ending felt rushed and unsatisfying.,"09 26, 2023",A295684880,User_204,The ending felt rushed and unsatisfying.,1586111400
B3724327,"[2, 10]",3,"Average read, nothing particularly memorable.","01 13, 2021",A483488219,User_205,"Average read, nothing particularly memor",1727116200
B7997722,"[4, 16]",4,The writing style was easy to follow and enjoyable.,"02 22, 2025",A595430869,User_206,The writing style was easy to follow and,1696012200
B4328626,"[6, 3]",2,The ending felt rushed and unsatisfying.,"08 09, 2020",A632662668,User_207,The ending felt rushed and unsatisfying.,1581964200
B8341081,"[18, 17]",2,I struggled to finish this book because it was confusing.,"11 08, 2022",A477248054,User_208,I struggled to finish this book because ,1744309800
B1971930,"[1, 1]",3,Interesting concept but execution could have been better.,"06 21, 2021",A604220590,User_209,Interesting concept but execution could ,1740767400
B8057418,"[19, 17]",5,Excellent character development and plot twists.,"07 20, 2024",A891517386,User_210,Excellent character development and plot,1742322600
B7960573,"[9, 12]",3,Interesting concept but execution could have been better.,"04 07, 2020",A546571188,User_211,Interesting concept but execution could ,1689359400
B2597778,"[14, 15]",2,The ending felt rushed and unsatisfying.,"09 10, 2024",A238578379,User_212,The ending felt rushed and unsatisfying.,1697481000
B8608083,"[11, 8]",5,Excellent character development and plot twists.,"03 16, 2020",A990789108,User_213,Excellent character development and plot,1662661800
B6758842,"[14, 4]",5,The story was engaging from beginning to end.,"03 09, 2021",A656419421,User_214,The story was engaging from beginning to,1689359400
B6148994,"[4, 2]",4,The writing style was easy to follow and enjoyable.,"03 05, 2021",A107116229,User_215,The writing style was easy to follow and,1697135400
B6821510,"[12, 1]",4,The writing style was easy to follow and enjoyable.,"11 28, 2021",A694884744,User_216,The writing style was easy to follow and,1689532200
B7415266,"[2, 16]",4,The writing style was easy to follow and enjoyable.,"03 27, 2021",A175930161,User_217,The writing style was easy to follow and,1671215400
B9893157,"[8, 3]",4,Good book but the pacing felt slow in some chapters.,"11 07, 2020",A794039446,User_218,Good book but the pacing felt slow in so,1715193000
B3810064,"[20, 17]",5,The story was engaging from beginning to end.,"08 07, 2023",A495952200,User_219,The story was engaging from beginning to,1600021800
B6619006,"[4, 14]",1,Very disappointing and poorly edited.,"06 29, 2021",A736693032,User_220,Very disappointing and poorly edited.,1685212200
B4183081,"[12, 2]",4,Good book but the pacing felt slow in some chapters.,"10 25, 2023",A642586795,User_221,Good book but the pacing felt slow in so,1602268200
B6740604,"[16, 16]",4,Good book but the pacing felt slow in some chapters.,"05 04, 2020",A491630341,User_222,Good book but the pacing felt slow in so,1593196200
B6760008,"[6, 2]",3,"Average read, nothing particularly memorable.","12 12, 2021",A151460581,User_223,"Average read, nothing particularly memor",1735410600
B4045575,"[3, 14]",4,The writing style was easy to follow and enjoyable.,"01 20, 2020",A431524010,User_224,The writing style was easy to follow and,1691001000
B9616966,"[16, 4]",4,Good book but the pacing felt slow in some chapters.,"05 11, 2022",A170220590,User_225,Good book but the pacing felt slow in so,1640111400
B4760761,"[7, 15]",1,Very disappointing and poorly edited.,"01 21, 2022",A510950472,User_226,Very disappointing and poorly edited.,1731954600
B9451959,"[14, 19]",5,The story was engaging from beginning to end.,"05 27, 2024",A757098350,User_227,The story was engaging from beginning to,1641925800
B6315090,"[15, 4]",2,I struggled to finish this book because it was confusing.,"08 29, 2020",A865037559,User_228,I struggled to finish this book because ,1726338600
B5082876,"[11, 15]",3,Interesting concept but execution could have been better.,"02 05, 2022",A580264541,User_229,Interesting concept but execution could ,1638729000
B1572377,"[15, 3]",2,The ending felt rushed and unsatisfying.,"07 17, 2024",A568455690,User_230,The ending felt rushed and unsatisfying.,1708367400
B9507054,"[7, 9]",4,The writing style was easy to follow and enjoyable.,"01 26, 2022",A918944475,User_231,The writing style was easy to follow and,1596825000
B4341575,"[3, 15]",2,I struggled to finish this book because it was confusing.,"01 28, 2024",A553960483,User_232,I struggled to finish this book because ,1583692200
B1127606,"[18, 8]",3,"Average read, nothing particularly memorable.","05 28, 2025",A155800500,User_233,"Average read, nothing particularly memor",1685644200
B3455505,"[15, 17]",1,Very disappointing and poorly edited.,"12 01, 2022",A879145569,User_234,Very disappointing and poorly edited.,1745001000
B2951834,"[0, 13]",5,One of the best books I have read this year.,"06 28, 2022",A738742800,User_235,One of the best books I have read this y,1610735400
B1858415,"[3, 4]",5,One of the best books I have read this year.,"12 15, 2020",A785202413,User_236,One of the best books I have read this y,1612290600
B2388387,"[13, 2]",1,Very disappointing and poorly edited.,"08 07, 2020",A587389009,User_237,Very disappointing and poorly edited.,1748370600
B7877829,"[14, 18]",2,I struggled to finish this book because it was confusing.,"08 14, 2021",A838012050,User_238,I struggled to finish this book because ,1700591400
B1391129,"[9, 7]",5,One of the best books I have read this year.,"09 23, 2021",A490616842,User_239,One of the best books I have read this y,1649615400
B6275815,"[14, 4]",3,"Average read, nothing particularly memorable.","01 10, 2025",A490465814,User_240,"Average read, nothing particularly memor",1722364200
B2783608,"[17, 2]",5,Excellent character development and plot twists.,"09 23, 2021",A546379837,User_241,Excellent character development and plot,1685989800
B2032064,"[6, 18]",2,I struggled to finish this book because it was confusing.,"02 12, 2023",A632612573,User_242,I struggled to finish this book because ,1711391400
B5726024,"[6, 18]",5,Excellent character development and plot twists.,"06 04, 2021",A355259996,User_243,Excellent character development and plot,1668105000
B6861826,"[18, 16]",5,Excellent character development and plot twists.,"06 28, 2022",A372845822,User_244,Excellent character development and plot,1582137000
B1988150,"[5, 7]",4,The writing style was easy to follow and enjoyable.,"10 19, 2023",A884220670,User_245,The writing style was easy to follow and,1695061800
B5053193,"[14, 6]",2,The ending felt rushed and unsatisfying.,"11 22, 2024",A410684826,User_246,The ending felt rushed and unsatisfying.,1712601000
B1496814,"[11, 4]",4,Good book but the pacing felt slow in some chapters.,"10 23, 2020",A439076151,User_247,Good book but the pacing felt slow in so,1691778600
B4693962,"[15, 3]",5,One of the best books I have read this year.,"05 31, 2024",A794792068,User_248,One of the best books I have read this y,1699554600
B9721365,"[9, 12]",4,The writing style was easy to follow and enjoyable.,"10 16, 2023",A303272008,User_249,The writing style was easy to follow and,1636050600
B3745711,"[7, 17]",5,The story was engaging from beginning to end.,"11 01, 2022",A950940804,User_250,The story was engaging from beginning to,1710959400
B6502855,"[15, 1]",4,Good book but the pacing felt slow in some chapters.,"05 05, 2022",A411766076,User_251,Good book but the pacing felt slow in so,1621535400
B9552515,"[1, 8]",5,Excellent character development and plot twists.,"01 02, 2023",A128957809,User_252,Excellent character development and plot,1738261800
B7012289,"[6, 3]",5,Excellent character development and plot twists.,"05 03, 2025",A655560354,User_253,Excellent character development and plot,1590777000
B9451042,"[2, 17]",5,One of the best books I have read this year.,"11 10, 2023",A202947984,User_254,One of the best books I have read this y,1594492200
B7399836,"[12, 9]",4,The writing style was easy to follow and enjoyable.,"12 20, 2024",A109902459,User_255,The writing style was easy to follow and,1732386600
B4178039,"[14, 18]",2,I struggled to finish this book because it was confusing.,"11 25, 2024",A276668395,User_256,I struggled to finish this book because ,1648146600
B7774861,"[6, 9]",5,One of the best books I have read this year.,"02 08, 2021",A357864972,User_257,One of the best books I have read this y,1655404200
B4875492,"[3, 17]",2,I struggled to finish this book because it was confusing.,"02 28, 2025",A974041450,User_258,I struggled to finish this book because ,1619375400
B4863479,"[6, 16]",3,"Average read, nothing particularly memorable.","08 18, 2020",A143453745,User_259,"Average read, nothing particularly memor",1681151400
B8596857,"[6, 9]",3,Interesting concept but execution could have been better.,"06 16, 2024",A777149812,User_260,Interesting concept but execution could ,1735237800
B3507478,"[20, 18]",4,Good book but the pacing felt slow in some chapters.,"04 17, 2020",A325168255,User_261,Good book but the pacing felt slow in so,1623868200
B5584520,"[1, 1]",5,Excellent character development and plot twists.,"04 28, 2022",A764505248,User_262,Excellent character development and plot,1661020200
B3885704,"[17, 20]",3,"Average read, nothing particularly memorable.","04 15, 2025",A851284081,User_263,"Average read, nothing particularly memor",1626114600
B8984908,"[20, 19]",5,The story was engaging from beginning to end.,"06 17, 2020",A338328045,User_264,The story was engaging from beginning to,1604341800
B6642484,"[16, 16]",2,The ending felt rushed and unsatisfying.,"08 01, 2020",A565637085,User_265,The ending felt rushed and unsatisfying.,1679855400
B7534718,"[7, 13]",2,The ending felt rushed and unsatisfying.,"02 28, 2020",A670496376,User_266,The ending felt rushed and unsatisfying.,1698604200
B9775287,"[18, 8]",4,Good book but the pacing felt slow in some chapters.,"06 11, 2021",A829891913,User_267,Good book but the pacing felt slow in so,1698863400
B6795869,"[14, 1]",5,One of the best books I have read this year.,"01 05, 2020",A767729284,User_268,One of the best books I have read this y,1588444200
B4011113,"[3, 10]",1,Very disappointing and poorly edited.,"10 30, 2023",A498282544,User_269,Very disappointing and poorly edited.,1697999400
B5311298,"[20, 10]",4,Good book but the pacing felt slow in some chapters.,"09 27, 2024",A329134646,User_270,Good book but the pacing felt slow in so,1738002600
B8652006,"[5, 2]",5,Excellent character development and plot twists.,"03 17, 2024",A314448857,User_271,Excellent character development and plot,1601404200
B6144768,"[17, 10]",3,Interesting concept but execution could have been better.,"01 05, 2022",A586811170,User_272,Interesting concept but execution could ,1741026600
B9163544,"[9, 19]",5,Excellent character development and plot twists.,"02 07, 2020",A854281272,User_273,Excellent character development and plot,1596911400
B3980449,"[18, 8]",2,The ending felt rushed and unsatisfying.,"07 22, 2021",A785695015,User_274,The ending felt rushed and unsatisfying.,1602700200
B9390929,"[6, 2]",5,The story was engaging from beginning to end.,"08 22, 2020",A409857454,User_275,The story was engaging from beginning to,1590949800
B8283656,"[20, 13]",3,Interesting concept but execution could have been better.,"11 26, 2020",A591504864,User_276,Interesting concept but execution could ,1604601000
B2035924,"[16, 8]",2,The ending felt rushed and unsatisfying.,"04 09, 2025",A291284448,User_277,The ending felt rushed and unsatisfying.,1716402600
B1135956,"[16, 16]",3,Interesting concept but execution could have been better.,"12 22, 2022",A240378748,User_278,Interesting concept but execution could ,1588185000
B3812981,"[8, 2]",4,Good book but the pacing felt slow in some chapters.,"12 29, 2020",A953282330,User_279,Good book but the pacing felt slow in so,1672943400
B4164922,"[8, 0]",1,Very disappointing and poorly edited.,"05 31, 2021",A711271187,User_280,Very disappointing and poorly edited.,1746642600
B7369190,"[19, 2]",2,I struggled to finish this book because it was confusing.,"12 29, 2021",A491472564,User_281,I struggled to finish this book because ,1579285800
B3689071,"[0, 12]",5,Excellent character development and plot twists.,"01 06, 2024",A750127376,User_282,Excellent character development and plot,1615141800
B6563277,"[19, 1]",4,Good book but the pacing felt slow in some chapters.,"10 04, 2024",A113072697,User_283,Good book but the pacing felt slow in so,1734028200
B5743980,"[3, 13]",2,I struggled to finish this book because it was confusing.,"05 03, 2023",A866037018,User_284,I struggled to finish this book because ,1591813800
B1045318,"[16, 6]",3,"Average read, nothing particularly memorable.","04 29, 2023",A206240399,User_285,"Average read, nothing particularly memor",1735237800
B1867838,"[6, 1]",3,Interesting concept but execution could have been better.,"01 18, 2024",A559854614,User_286,Interesting concept but execution could ,1738780200
B7585579,"[20, 1]",3,Interesting concept but execution could have been better.,"09 03, 2024",A685740437,User_287,Interesting concept but execution could ,1631989800
B3854473,"[2, 4]",5,Excellent character development and plot twists.,"09 21, 2022",A588233883,User_288,Excellent character development and plot,1628879400
B8232676,"[14, 19]",4,The writing style was easy to follow and enjoyable.,"04 15, 2024",A423739754,User_289,The writing style was easy to follow and,1734805800
B9140234,"[18, 9]",2,I struggled to finish this book because it was confusing.,"07 15, 2020",A511931431,User_290,I struggled to finish this book because ,1630693800
B3962810,"[1, 2]",5,Excellent character development and plot twists.,"08 22, 2024",A143735364,User_291,Excellent character development and plot,1721845800
B6454076,"[5, 20]",2,I struggled to finish this book because it was confusing.,"02 17, 2020",A181825385,User_292,I struggled to finish this book because ,1579804200
B8591472,"[16, 11]",5,One of the best books I have read this year.,"11 03, 2021",A113790211,User_293,One of the best books I have read this y,1604601000
B7149617,"[5, 13]",5,The story was engaging from beginning to end.,"12 04, 2023",A273240092,User_294,The story was engaging from beginning to,1678213800
B6448247,"[5, 17]",4,Good book but the pacing felt slow in some chapters.,"01 24, 2022",A701484781,User_295,Good book but the pacing felt slow in so,1725647400
B1258958,"[11, 15]",5,Excellent character development and plot twists.,"05 13, 2020",A855416287,User_296,Excellent character development and plot,1749234600
B1054322,"[9, 3]",2,The ending felt rushed and unsatisfying.,"11 18, 2023",A787810170,User_297,The ending felt rushed and unsatisfying.,1692037800
B6459012,"[14, 11]",5,The story was engaging from beginning to end.,"06 06, 2020",A278691342,User_298,The story was engaging from beginning to,1739989800
B1200380,"[14, 8]",5,Excellent character development and plot twists.,"06 26, 2023",A917856504,User_299,Excellent character development and plot,1745778600
B6297131,"[19, 11]",2,The ending felt rushed and unsatisfying.,"08 31, 2022",A655101435,User_300,The ending felt rushed and unsatisfying.,1742841000
B4422668,"[3, 19]",3,Interesting concept but execution could have been better.,"09 20, 2020",A374627662,User_301,Interesting concept but execution could ,1682188200
B3947932,"[19, 11]",4,Good book but the pacing felt slow in some chapters.,"12 27, 2022",A108242571,User_302,Good book but the pacing felt slow in so,1623090600
B4137592,"[14, 16]",2,I struggled to finish this book because it was confusing.,"06 20, 2021",A103602215,User_303,I struggled to finish this book because ,1611253800
B5989699,"[15, 16]",3,"Average read, nothing particularly memorable.","02 21, 2024",A609726415,User_304,"Average read, nothing particularly memor",1696617000
B3187952,"[19, 17]",5,Excellent character development and plot twists.,"11 20, 2024",A971681579,User_305,Excellent character development and plot,1577817000
B7934909,"[7, 6]",4,The writing style was easy to follow and enjoyable.,"04 01, 2021",A249069320,User_306,The writing style was easy to follow and,1745605800
B5587259,"[16, 4]",5,The story was engaging from beginning to end.,"10 09, 2023",A708736292,User_307,The story was engaging from beginning to,1660501800
B6006656,"[14, 7]",3,Interesting concept but execution could have been better.,"09 22, 2020",A900625953,User_308,Interesting concept but execution could ,1731177000
B8916929,"[10, 4]",3,Interesting concept but execution could have been better.,"06 25, 2022",A201894367,User_309,Interesting concept but execution could ,1585333800
B4077013,"[19, 20]",2,I struggled to finish this book because it was confusing.,"11 22, 2022",A963181100,User_310,I struggled to finish this book because ,1745519400
B3217308,"[12, 4]",4,Good book but the pacing felt slow in some chapters.,"04 11, 2020",A965554450,User_311,Good book but the pacing felt slow in so,1662229800
B8540347,"[15, 2]",2,The ending felt rushed and unsatisfying.,"03 03, 2023",A592835752,User_312,The ending felt rushed and unsatisfying.,1707417000
B8282266,"[8, 14]",4,The writing style was easy to follow and enjoyable.,"04 05, 2025",A977238687,User_313,The writing style was easy to follow and,1654453800
B2387545,"[16, 2]",2,I struggled to finish this book because it was confusing.,"01 01, 2025",A409409164,User_314,I struggled to finish this book because ,1672684200
B3949318,"[10, 17]",5,Excellent character development and plot twists.,"10 27, 2022",A797928300,User_315,Excellent character development and plot,1603477800
B9504991,"[11, 7]",5,One of the best books I have read this year.,"07 10, 2020",A453286748,User_316,One of the best books I have read this y,1671820200
B3413181,"[18, 12]",3,"Average read, nothing particularly memorable.","10 18, 2024",A208604730,User_317,"Average read, nothing particularly memor",1644777000
B3285973,"[15, 13]",4,The writing style was easy to follow and enjoyable.,"02 14, 2025",A144363787,User_318,The writing style was easy to follow and,1626373800
B8356113,"[20, 2]",1,Very disappointing and poorly edited.,"03 20, 2020",A795159330,User_319,Very disappointing and poorly edited.,1621621800
B3514035,"[15, 7]",3,Interesting concept but execution could have been better.,"06 05, 2023",A667316612,User_320,Interesting concept but execution could ,1646764200
B3745400,"[4, 18]",1,Very disappointing and poorly edited.,"01 15, 2022",A568262112,User_321,Very disappointing and poorly edited.,1651170600
B7016489,"[13, 8]",1,Very disappointing and poorly edited.,"01 01, 2020",A144618380,User_322,Very disappointing and poorly edited.,1637346600
B2513796,"[3, 16]",4,The writing style was easy to follow and enjoyable.,"07 03, 2020",A648187971,User_323,The writing style was easy to follow and,1678386600
B1595809,"[12, 5]",5,Excellent character development and plot twists.,"01 31, 2024",A279276947,User_324,Excellent character development and plot,1727980200
B5471706,"[10, 17]",4,Good book but the pacing felt slow in some chapters.,"07 17, 2024",A479531226,User_325,Good book but the pacing felt slow in so,1673461800
B1920267,"[14, 12]",2,The ending felt rushed and unsatisfying.,"05 02, 2021",A496573184,User_326,The ending felt rushed and unsatisfying.,1741545000
B1568815,"[20, 3]",5,The story was engaging from beginning to end.,"09 18, 2021",A935944983,User_327,The story was engaging from beginning to,1658169000
B8344314,"[1, 17]",5,One of the best books I have read this year.,"04 11, 2022",A798433767,User_328,One of the best books I have read this y,1648492200
B9541538,"[14, 5]",4,Good book but the pacing felt slow in some chapters.,"02 26, 2020",A928588303,User_329,Good book but the pacing felt slow in so,1596306600
B8968400,"[1, 8]",5,One of the best books I have read this year.,"05 06, 2023",A298566232,User_330,One of the best books I have read this y,1657218600
B7639635,"[14, 3]",3,Interesting concept but execution could have been better.,"10 16, 2021",A990711266,User_331,Interesting concept but execution could ,1612117800
B5798496,"[10, 17]",2,The ending felt rushed and unsatisfying.,"08 19, 2020",A989948491,User_332,The ending felt rushed and unsatisfying.,1689791400
B1052581,"[19, 2]",4,The writing style was easy to follow and enjoyable.,"04 27, 2020",A783610211,User_333,The writing style was easy to follow and,1710527400
B8142743,"[3, 15]",2,I struggled to finish this book because it was confusing.,"06 07, 2020",A400816830,User_334,I struggled to finish this book because ,1686681000
B3157964,"[9, 7]",1,Very disappointing and poorly edited.,"10 20, 2021",A813143074,User_335,Very disappointing and poorly edited.,1719858600
B5105653,"[0, 4]",1,Very disappointing and poorly edited.,"07 10, 2022",A825229858,User_336,Very disappointing and poorly edited.,1579890600
B9427897,"[8, 14]",2,I struggled to finish this book because it was confusing.,"10 11, 2020",A966211386,User_337,I struggled to finish this book because ,1662316200
B1060557,"[6, 0]",2,The ending felt rushed and unsatisfying.,"03 07, 2023",A939133048,User_338,The ending felt rushed and unsatisfying.,1649615400
B1871438,"[13, 20]",5,Excellent character development and plot twists.,"12 25, 2021",A781127181,User_339,Excellent character development and plot,1729794600
B1173487,"[17, 11]",3,"Average read, nothing particularly memorable.","04 25, 2022",A389925184,User_340,"Average read, nothing particularly memor",1613673000
B1564014,"[16, 12]",1,Very disappointing and poorly edited.,"02 20, 2025",A425378870,User_341,Very disappointing and poorly edited.,1730313000
B9173230,"[12, 19]",1,Very disappointing and poorly edited.,"03 19, 2020",A342582501,User_342,Very disappointing and poorly edited.,1657737000
B6344131,"[5, 7]",4,Good book but the pacing felt slow in some chapters.,"04 25, 2025",A135703737,User_343,Good book but the pacing felt slow in so,1621881000
B5542939,"[14, 1]",5,The story was engaging from beginning to end.,"02 14, 2024",A651299745,User_344,The story was engaging from beginning to,1694802600
B9631251,"[17, 16]",2,I struggled to finish this book because it was confusing.,"07 09, 2023",A449035412,User_345,I struggled to finish this book because ,1581100200
B7491202,"[20, 1]",5,One of the best books I have read this year.,"11 29, 2024",A361364230,User_346,One of the best books I have read this y,1676053800
B9832072,"[13, 7]",5,The story was engaging from beginning to end.,"01 14, 2025",A898415802,User_347,The story was engaging from beginning to,1580063400
B2402106,"[7, 7]",5,One of the best books I have read this year.,"05 03, 2025",A388276314,User_348,One of the best books I have read this y,1582309800
B1361011,"[19, 5]",3,"Average read, nothing particularly memorable.","01 11, 2024",A169823629,User_349,"Average read, nothing particularly memor",1702751400
B7499476,"[0, 4]",3,"Average read, nothing particularly memorable.","02 20, 2025",A211628088,User_350,"Average read, nothing particularly memor",1732905000
B2521386,"[14, 11]",1,Very disappointing and poorly edited.,"12 19, 2022",A724075078,User_351,Very disappointing and poorly edited.,1693506600
B1379579,"[16, 13]",5,Excellent character development and plot twists.,"04 20, 2020",A128627142,User_352,Excellent character development and plot,1603650600
B5845687,"[14, 18]",1,Very disappointing and poorly edited.,"03 14, 2024",A510618563,User_353,Very disappointing and poorly edited.,1648405800
B4838174,"[13, 4]",2,I struggled to finish this book because it was confusing.,"09 24, 2023",A609136246,User_354,I struggled to finish this book because ,1700418600
B2761467,"[18, 19]",4,Good book but the pacing felt slow in some chapters.,"02 03, 2020",A506735127,User_355,Good book but the pacing felt slow in so,1694543400
B9801744,"[13, 1]",4,The writing style was easy to follow and enjoyable.,"05 20, 2020",A697727644,User_356,The writing style was easy to follow and,1733250600
B5729854,"[5, 3]",2,The ending felt rushed and unsatisfying.,"04 11, 2024",A768601075,User_357,The ending felt rushed and unsatisfying.,1702665000
B9578082,"[8, 8]",3,"Average read, nothing particularly memorable.","05 29, 2025",A816510590,User_358,"Average read, nothing particularly memor",1683138600
B9704390,"[6, 14]",4,The writing style was easy to follow and enjoyable.,"03 26, 2023",A745256995,User_359,The writing style was easy to follow and,1601317800
B9926421,"[10, 5]",4,Good book but the pacing felt slow in some chapters.,"06 08, 2020",A348606533,User_360,Good book but the pacing felt slow in so,1655058600
B6308075,"[5, 8]",3,"Average read, nothing particularly memorable.","03 28, 2023",A627820542,User_361,"Average read, nothing particularly memor",1600281000
B2291882,"[18, 3]",5,The story was engaging from beginning to end.,"02 25, 2025",A558354170,User_362,The story was engaging from beginning to,1746210600
B1050670,"[0, 18]",3,Interesting concept but execution could have been better.,"06 30, 2021",A777051820,User_363,Interesting concept but execution could ,1672943400
B5634049,"[13, 5]",5,One of the best books I have read this year.,"10 27, 2020",A364603245,User_364,One of the best books I have read this y,1742322600
B2332383,"[3, 17]",2,The ending felt rushed and unsatisfying.,"02 01, 2023",A396662953,User_365,The ending felt rushed and unsatisfying.,1648837800
B6251350,"[11, 3]",2,The ending felt rushed and unsatisfying.,"08 28, 2023",A453257151,User_366,The ending felt rushed and unsatisfying.,1652207400
B4889517,"[12, 13]",1,Very disappointing and poorly edited.,"04 22, 2023",A482633295,User_367,Very disappointing and poorly edited.,1668105000
B1295049,"[20, 16]",4,The writing style was easy to follow and enjoyable.,"01 05, 2024",A857869303,User_368,The writing style was easy to follow and,1698604200
B4480855,"[6, 4]",1,Very disappointing and poorly edited.,"03 30, 2021",A366552384,User_369,Very disappointing and poorly edited.,1588012200
B4091220,"[4, 17]",3,Interesting concept but execution could have been better.,"03 16, 2022",A492062307,User_370,Interesting concept but execution could ,1663612200
B1239198,"[12, 1]",4,The writing style was easy to follow and enjoyable.,"05 02, 2022",A768690221,User_371,The writing style was easy to follow and,1623609000
B1192797,"[13, 6]",5,The story was engaging from beginning to end.,"02 02, 2024",A786162954,User_372,The story was engaging from beginning to,1672597800
B9388874,"[14, 1]",5,The story was engaging from beginning to end.,"08 20, 2024",A434666023,User_373,The story was engaging from beginning to,1582482600
B7222584,"[18, 14]",5,One of the best books I have read this year.,"01 07, 2020",A321514585,User_374,One of the best books I have read this y,1632940200
B7156697,"[3, 17]",5,One of the best books I have read this year.,"03 24, 2022",A572976558,User_375,One of the best books I have read this y,1671733800
B8327875,"[3, 1]",3,"Average read, nothing particularly memorable.","06 05, 2021",A619964103,User_376,"Average read, nothing particularly memor",1746556200
B7646878,"[0, 20]",2,I struggled to finish this book because it was confusing.,"04 20, 2020",A631024701,User_377,I struggled to finish this book because ,1707417000
B6054464,"[3, 14]",5,The story was engaging from beginning to end.,"11 10, 2020",A949270614,User_378,The story was engaging from beginning to,1709317800
B8573185,"[5, 7]",4,Good book but the pacing felt slow in some chapters.,"11 11, 2020",A796372372,User_379,Good book but the pacing felt slow in so,1596825000
B7767168,"[8, 5]",3,"Average read, nothing particularly memorable.","09 03, 2023",A158022744,User_380,"Average read, nothing particularly memor",1718994600
B3202183,"[1, 16]",2,I struggled to finish this book because it was confusing.,"04 30, 2025",A541205120,User_381,I struggled to finish this book because ,1722969000
B8066028,"[5, 0]",2,I struggled to finish this book because it was confusing.,"07 29, 2021",A459594633,User_382,I struggled to finish this book because ,1745173800
B7177402,"[1, 5]",5,The story was engaging from beginning to end.,"09 21, 2024",A854896030,User_383,The story was engaging from beginning to,1647973800
B5886142,"[11, 2]",1,Very disappointing and poorly edited.,"01 16, 2021",A466450065,User_384,Very disappointing and poorly edited.,1739385000
B3353067,"[19, 18]",3,"Average read, nothing particularly memorable.","12 28, 2022",A863428069,User_385,"Average read, nothing particularly memor",1684693800
B3695429,"[3, 15]",5,One of the best books I have read this year.,"04 04, 2023",A155678337,User_386,One of the best books I have read this y,1691778600
B1539098,"[6, 10]",5,Excellent character development and plot twists.,"10 08, 2020",A265871304,User_387,Excellent character development and plot,1670437800
B2448514,"[0, 16]",1,Very disappointing and poorly edited.,"03 18, 2021",A862829514,User_388,Very disappointing and poorly edited.,1680201000
B6903247,"[12, 13]",3,Interesting concept but execution could have been better.,"07 07, 2023",A640895859,User_389,Interesting concept but execution could ,1674844200
B5654077,"[19, 2]",5,Excellent character development and plot twists.,"08 22, 2024",A886107830,User_390,Excellent character development and plot,1628533800
B3155113,"[0, 8]",2,The ending felt rushed and unsatisfying.,"03 04, 2023",A881819565,User_391,The ending felt rushed and unsatisfying.,1721154600
B8910076,"[18, 18]",5,The story was engaging from beginning to end.,"11 17, 2020",A960650963,User_392,The story was engaging from beginning to,1585074600
B2237413,"[15, 8]",2,I struggled to finish this book because it was confusing.,"09 01, 2024",A742685288,User_393,I struggled to finish this book because ,1631471400
B4561077,"[16, 13]",3,"Average read, nothing particularly memorable.","08 29, 2024",A713180445,User_394,"Average read, nothing particularly memor",1716402600
B7063761,"[14, 5]",5,Excellent character development and plot twists.,"12 19, 2024",A941818155,User_395,Excellent character development and plot,1591727400
B4269021,"[9, 2]",5,Excellent character development and plot twists.,"04 21, 2021",A115699773,User_396,Excellent character development and plot,1707589800
B8373205,"[19, 9]",5,One of the best books I have read this year.,"12 22, 2023",A665116697,User_397,One of the best books I have read this y,1589135400
B9413129,"[1, 19]",5,One of the best books I have read this year.,"11 19, 2022",A161326274,User_398,One of the best books I have read this y,1672597800
B2737066,"[10, 19]",1,Very disappointing and poorly edited.,"04 06, 2023",A918438862,User_399,Very disappointing and poorly edited.,1721241000
B5007637,"[6, 16]",2,I struggled to finish this book because it was confusing.,"06 04, 2023",A204398948,User_400,I struggled to finish this book because ,1623522600
B5120837,"[11, 14]",4,The writing style was easy to follow and enjoyable.,"01 03, 2021",A789948257,User_401,The writing style was easy to follow and,1728239400
B1081375,"[3, 5]",5,The story was engaging from beginning to end.,"09 08, 2022",A210942087,User_402,The story was engaging from beginning to,1603132200
B8495950,"[7, 17]",3,"Average read, nothing particularly memorable.","09 21, 2024",A695886163,User_403,"Average read, nothing particularly memor",1635013800
B8456523,"[17, 0]",4,Good book but the pacing felt slow in some chapters.,"06 01, 2023",A934493625,User_404,Good book but the pacing felt slow in so,1668537000
B8333070,"[7, 10]",1,Very disappointing and poorly edited.,"10 22, 2024",A334508144,User_405,Very disappointing and poorly edited.,1622917800
B2234947,"[13, 4]",2,The ending felt rushed and unsatisfying.,"06 09, 2025",A913494709,User_406,The ending felt rushed and unsatisfying.,1618425000
B3512463,"[11, 2]",5,Excellent character development and plot twists.,"01 16, 2025",A602576088,User_407,Excellent character development and plot,1697653800
B3522362,"[14, 3]",2,The ending felt rushed and unsatisfying.,"09 01, 2020",A831597705,User_408,The ending felt rushed and unsatisfying.,1654453800
B3828947,"[13, 9]",4,The writing style was easy to follow and enjoyable.,"05 21, 2022",A377477665,User_409,The writing style was easy to follow and,1693506600
B5644617,"[16, 3]",1,Very disappointing and poorly edited.,"07 10, 2024",A969999349,User_410,Very disappointing and poorly edited.,1612895400
B9605612,"[1, 6]",2,I struggled to finish this book because it was confusing.,"01 11, 2024",A925205865,User_411,I struggled to finish this book because ,1660242600
B2577894,"[18, 11]",4,The writing style was easy to follow and enjoyable.,"05 13, 2024",A679221878,User_412,The writing style was easy to follow and,1668882600
B6663467,"[7, 8]",5,Excellent character development and plot twists.,"09 12, 2020",A724916460,User_413,Excellent character development and plot,1712773800
B9638198,"[14, 0]",3,"Average read, nothing particularly memorable.","01 08, 2024",A122860730,User_414,"Average read, nothing particularly memor",1681842600
B6709188,"[12, 5]",1,Very disappointing and poorly edited.,"05 27, 2022",A263705094,User_415,Very disappointing and poorly edited.,1693506600
B2018314,"[6, 6]",5,One of the best books I have read this year.,"10 01, 2023",A734114970,User_416,One of the best books I have read this y,1702578600
B2325720,"[13, 17]",2,The ending felt rushed and unsatisfying.,"02 15, 2025",A351582657,User_417,The ending felt rushed and unsatisfying.,1720204200
B8590395,"[0, 15]",2,I struggled to finish this book because it was confusing.,"09 21, 2022",A129394767,User_418,I struggled to finish this book because ,1681929000
B1187136,"[12, 2]",2,The ending felt rushed and unsatisfying.,"11 14, 2020",A333269292,User_419,The ending felt rushed and unsatisfying.,1578249000
B2309549,"[4, 16]",2,I struggled to finish this book because it was confusing.,"12 24, 2022",A821419317,User_420,I struggled to finish this book because ,1658773800
B4770691,"[18, 1]",2,I struggled to finish this book because it was confusing.,"08 06, 2023",A543850355,User_421,I struggled to finish this book because ,1667241000
B7982437,"[1, 1]",3,Interesting concept but execution could have been better.,"05 07, 2023",A351185660,User_422,Interesting concept but execution could ,1711823400
B4794942,"[9, 16]",5,One of the best books I have read this year.,"04 10, 2023",A405525193,User_423,One of the best books I have read this y,1657564200
B7863355,"[1, 5]",2,The ending felt rushed and unsatisfying.,"12 12, 2020",A641433606,User_424,The ending felt rushed and unsatisfying.,1605724200
B3046809,"[1, 8]",3,Interesting concept but execution could have been better.,"07 11, 2020",A926698466,User_425,Interesting concept but execution could ,1686681000
B3031034,"[11, 10]",2,The ending felt rushed and unsatisfying.,"06 02, 2025",A540597122,User_426,The ending felt rushed and unsatisfying.,1748802600
B2504690,"[13, 15]",3,"Average read, nothing particularly memorable.","02 20, 2024",A689109044,User_427,"Average read, nothing particularly memor",1601490600
B7878065,"[10, 3]",3,"Average read, nothing particularly memorable.","12 21, 2024",A927050267,User_428,"Average read, nothing particularly memor",1591554600
B4950041,"[15, 16]",3,Interesting concept but execution could have been better.,"11 24, 2021",A855830154,User_429,Interesting concept but execution could ,1699122600
B3623232,"[8, 3]",5,The story was engaging from beginning to end.,"11 12, 2020",A535824158,User_430,The story was engaging from beginning to,1703874600
B7137178,"[5, 9]",2,The ending felt rushed and unsatisfying.,"02 10, 2024",A163592675,User_431,The ending felt rushed and unsatisfying.,1614191400
B2302773,"[9, 15]",5,Excellent character development and plot twists.,"08 29, 2022",A149862472,User_432,Excellent character development and plot,1669401000
B3619759,"[1, 17]",3,"Average read, nothing particularly memorable.","09 29, 2021",A208202102,User_433,"Average read, nothing particularly memor",1742149800
B2766020,"[13, 2]",3,Interesting concept but execution could have been better.,"04 17, 2020",A637130196,User_434,Interesting concept but execution could ,1647196200
B5669596,"[18, 12]",5,Excellent character development and plot twists.,"05 24, 2024",A883476738,User_435,Excellent character development and plot,1641753000
B3873237,"[20, 18]",5,Excellent character development and plot twists.,"06 30, 2021",A683122684,User_436,Excellent character development and plot,1587580200
B5054119,"[19, 14]",5,One of the best books I have read this year.,"08 03, 2021",A598626263,User_437,One of the best books I have read this y,1600453800
B2288419,"[16, 16]",2,I struggled to finish this book because it was confusing.,"03 03, 2021",A695432302,User_438,I struggled to finish this book because ,1740076200
B3352448,"[20, 2]",5,Excellent character development and plot twists.,"07 03, 2024",A167569221,User_439,Excellent character development and plot,1684866600
B4462152,"[9, 7]",2,I struggled to finish this book because it was confusing.,"10 20, 2024",A786418306,User_440,I struggled to finish this book because ,1632681000
B1784879,"[17, 2]",3,Interesting concept but execution could have been better.,"10 24, 2020",A789282422,User_441,Interesting concept but execution could ,1648146600
B2285287,"[17, 6]",4,The writing style was easy to follow and enjoyable.,"03 31, 2021",A684239314,User_442,The writing style was easy to follow and,1586802600
B3624138,"[12, 11]",3,"Average read, nothing particularly memorable.","03 08, 2023",A655639062,User_443,"Average read, nothing particularly memor",1715797800
B1985213,"[14, 7]",5,Excellent character development and plot twists.,"07 04, 2020",A930145274,User_444,Excellent character development and plot,1698431400
B3233472,"[1, 11]",2,I struggled to finish this book because it was confusing.,"12 06, 2023",A131664417,User_445,I struggled to finish this book because ,1668796200
B2362752,"[20, 3]",5,One of the best books I have read this year.,"02 09, 2022",A704531300,User_446,One of the best books I have read this y,1595356200
B8181910,"[12, 10]",4,The writing style was easy to follow and enjoyable.,"12 27, 2022",A591379365,User_447,The writing style was easy to follow and,1599157800
B6585409,"[20, 10]",1,Very disappointing and poorly edited.,"07 01, 2022",A472389602,User_448,Very disappointing and poorly edited.,1658946600
B4144060,"[10, 6]",5,Excellent character development and plot twists.,"11 20, 2021",A999170862,User_449,Excellent character development and plot,1654281000
B7674343,"[15, 7]",2,The ending felt rushed and unsatisfying.,"07 31, 2020",A134349257,User_450,The ending felt rushed and unsatisfying.,1678818600
B8274731,"[7, 1]",4,Good book but the pacing felt slow in some chapters.,"12 03, 2023",A286543228,User_451,Good book but the pacing felt slow in so,1735151400
B7968167,"[20, 6]",4,Good book but the pacing felt slow in some chapters.,"08 03, 2022",A731870568,User_452,Good book but the pacing felt slow in so,1705516200
B7707505,"[19, 2]",3,"Average read, nothing particularly memorable.","08 03, 2023",A130659938,User_453,"Average read, nothing particularly memor",1703615400
B5046840,"[10, 18]",5,One of the best books I have read this year.,"08 06, 2024",A221431397,User_454,One of the best books I have read this y,1730572200
B9993088,"[14, 5]",4,Good book but the pacing felt slow in some chapters.,"06 29, 2021",A554989481,User_455,Good book but the pacing felt slow in so,1616783400
B1322686,"[20, 1]",5,The story was engaging from beginning to end.,"06 13, 2025",A670423047,User_456,The story was engaging from beginning to,1604601000
B4071066,"[7, 14]",4,The writing style was easy to follow and enjoyable.,"09 06, 2021",A784343723,User_457,The writing style was easy to follow and,1657045800
B2144252,"[6, 1]",5,The story was engaging from beginning to end.,"04 23, 2024",A229964173,User_458,The story was engaging from beginning to,1724265000
B8639304,"[20, 1]",1,Very disappointing and poorly edited.,"09 29, 2022",A357032242,User_459,Very disappointing and poorly edited.,1669228200
B9472131,"[7, 14]",5,One of the best books I have read this year.,"09 12, 2023",A948507657,User_460,One of the best books I have read this y,1703615400
B6807046,"[2, 19]",3,Interesting concept but execution could have been better.,"12 05, 2023",A450654827,User_461,Interesting concept but execution could ,1620412200
B3736033,"[15, 17]",5,The story was engaging from beginning to end.,"01 29, 2021",A801475696,User_462,The story was engaging from beginning to,1580322600
B9030590,"[5, 4]",5,The story was engaging from beginning to end.,"03 23, 2025",A931350917,User_463,The story was engaging from beginning to,1720117800
B1579871,"[9, 10]",4,The writing style was easy to follow and enjoyable.,"10 23, 2022",A796071041,User_464,The writing style was easy to follow and,1708713000
B5908643,"[4, 17]",5,Excellent character development and plot twists.,"03 03, 2020",A275326442,User_465,Excellent character development and plot,1632162600
B8315576,"[7, 20]",1,Very disappointing and poorly edited.,"10 21, 2022",A919992848,User_466,Very disappointing and poorly edited.,1621967400
B3313595,"[19, 18]",5,Excellent character development and plot twists.,"04 21, 2023",A946021431,User_467,Excellent character development and plot,1659465000
B7206005,"[20, 11]",5,The story was engaging from beginning to end.,"02 29, 2024",A539484902,User_468,The story was engaging from beginning to,1645122600
B7583012,"[0, 17]",2,I struggled to finish this book because it was confusing.,"05 28, 2022",A342711555,User_469,I struggled to finish this book because ,1683743400
B7680596,"[8, 3]",4,The writing style was easy to follow and enjoyable.,"10 27, 2024",A246658862,User_470,The writing style was easy to follow and,1640370600
B8977401,"[4, 7]",3,"Average read, nothing particularly memorable.","11 02, 2023",A540819683,User_471,"Average read, nothing particularly memor",1703961000
B6661380,"[8, 13]",2,The ending felt rushed and unsatisfying.,"06 27, 2024",A227951629,User_472,The ending felt rushed and unsatisfying.,1603564200
B2032817,"[18, 8]",3,"Average read, nothing particularly memorable.","02 23, 2022",A396885319,User_473,"Average read, nothing particularly memor",1688841000
B7972928,"[19, 12]",5,Excellent character development and plot twists.,"04 16, 2020",A323471458,User_474,Excellent character development and plot,1600799400
B7231949,"[9, 2]",4,Good book but the pacing felt slow in some chapters.,"05 08, 2022",A611147882,User_475,Good book but the pacing felt slow in so,1695666600
B2119100,"[7, 10]",3,Interesting concept but execution could have been better.,"08 29, 2020",A139152985,User_476,Interesting concept but execution could ,1678127400
B9124605,"[2, 8]",5,The story was engaging from beginning to end.,"02 22, 2022",A411392024,User_477,The story was engaging from beginning to,1675103400
B4971470,"[0, 11]",2,The ending felt rushed and unsatisfying.,"04 07, 2023",A434569805,User_478,The ending felt rushed and unsatisfying.,1649701800
B9473751,"[15, 16]",1,Very disappointing and poorly edited.,"06 11, 2021",A193837332,User_479,Very disappointing and poorly edited.,1654885800
B9305187,"[17, 13]",3,"Average read, nothing particularly memorable.","12 13, 2021",A941214126,User_480,"Average read, nothing particularly memor",1637778600
B1985573,"[12, 17]",5,One of the best books I have read this year.,"05 16, 2021",A698244258,User_481,One of the best books I have read this y,1581273000
B2035210,"[10, 3]",3,Interesting concept but execution could have been better.,"01 18, 2024",A153346836,User_482,Interesting concept but execution could ,1736793000
B1585631,"[17, 13]",2,I struggled to finish this book because it was confusing.,"07 19, 2023",A541164411,User_483,I struggled to finish this book because ,1696357800
B8116419,"[16, 12]",4,The writing style was easy to follow and enjoyable.,"06 22, 2020",A132264756,User_484,The writing style was easy to follow and,1727807400
B5855260,"[13, 3]",4,Good book but the pacing felt slow in some chapters.,"10 11, 2022",A575000666,User_485,Good book but the pacing felt slow in so,1720031400
B5932494,"[18, 15]",2,I struggled to finish this book because it was confusing.,"10 08, 2023",A179486188,User_486,I struggled to finish this book because ,1741372200
B2228678,"[13, 6]",5,Excellent character development and plot twists.,"10 13, 2022",A198343500,User_487,Excellent character development and plot,1619375400
B4991187,"[8, 8]",5,The story was engaging from beginning to end.,"03 19, 2023",A706451850,User_488,The story was engaging from beginning to,1729881000
B2720555,"[5, 6]",1,Very disappointing and poorly edited.,"12 28, 2022",A609476312,User_489,Very disappointing and poorly edited.,1623522600
B3317195,"[4, 2]",1,Very disappointing and poorly edited.,"08 27, 2024",A280012367,User_490,Very disappointing and poorly edited.,1709836200
B8772607,"[13, 11]",3,Interesting concept but execution could have been better.,"08 06, 2021",A392977617,User_491,Interesting concept but execution could ,1623954600
B5036405,"[8, 11]",5,One of the best books I have read this year.,"02 21, 2020",A308522347,User_492,One of the best books I have read this y,1592418600
B5262435,"[9, 20]",3,"Average read, nothing particularly memorable.","01 05, 2025",A979578788,User_493,"Average read, nothing particularly memor",1610389800
B7614890,"[6, 12]",5,One of the best books I have read this year.,"07 03, 2021",A938173936,User_494,One of the best books I have read this y,1712255400
B1864400,"[15, 8]",5,One of the best books I have read this year.,"09 16, 2020",A107010924,User_495,One of the best books I have read this y,1703442600
B6824607,"[0, 20]",4,Good book but the pacing felt slow in some chapters.,"04 04, 2023",A441240247,User_496,Good book but the pacing felt slow in so,1608489000
B4737456,"[8, 10]",4,Good book but the pacing felt slow in some chapters.,"01 08, 2025",A210377560,User_497,Good book but the pacing felt slow in so,1601836200
B1557238,"[7, 2]",1,Very disappointing and poorly edited.,"04 01, 2025",A980866509,User_498,Very disappointing and poorly edited.,1604514600
B9209491,"[0, 16]",4,Good book but the pacing felt slow in some chapters.,"05 03, 2025",A443558749,User_499,Good book but the pacing felt slow in so,1712255400
B6640130,"[20, 2]",1,Very disappointing and poorly edited.,"04 14, 2022",A475215333,User_500,Very disappointing and poorly edited.,1689705000
