Date,Market,Purity,USD,EUR,GBP,INR,AED,CNY
1979-04,Kolkata,18K,231.76,140.77,108.84,1887.88,885.36,704.86
2002-09,Kolkata,22K,280.67,297.25,186.83,13633.03,1030.9,2323.1
2000-08,Delhi,24K,281.11,304.92,185.67,,1032.5,2327.15
1990-11,Chennai,24K,383.12,282.62,215.71,6689.93,1406.18,1825.02
2002-06,New York,24K,303.26,321.17,201.86,14729.96,1113.85,2510.02
2021-04,London,18K,1348.37,1139.97,980.22,99682.13,4952.74,8696.6
2017-05,Kolkata,18K,931.11,825.13,722.92,60632.44,3419.92,6291.65
2011-03,Delhi,24K,1619.45,1164.39,1010.67,75720.24,5948.17,10457.93
1996-09,Kolkata,24K,393.04,304.89,252.22,13904.27,1443.55,3267.9
1994-10,London,24K,380.77,316.55,248.6,11945.81,1384.16,3277.19
2000-01,Mumbai,18K,209.2,226.92,138.17,9393.37,768.37,1731.83
2018-09,Delhi,18K,942.18,797.5,705.33,64366.34,3460.72,6224.14
2012-07,Chennai,22K,1551.47,1207.28,978.84,82806.84,5698.57,9788.17
1998-09,Kolkata,22K,276.17,248.18,166.65,11393.25,1014.34,2286.35
2010-07,Chennai,18K,890.93,673.15,576.54,40728.21,3272.29,6026.63
1998-01,London,24K,299.49,269.14,180.72,12355.47,1100.01,2479.45
1999-11,Dubai,24K,281.33,264.0,173.8,12112.91,1033.31,2328.93
2005-08,Delhi,24K,445.44,359.14,245.4,,1636.04,3647.62
1981-08,Chennai,24K,460.59,361.95,227.68,3978.14,1695.93,929.33
2014-01,Delhi,18K,948.33,713.51,575.22,57844.59,3483.23,5842.59
1991-07,Dubai,24K,359.13,276.0,203.73,8154.62,1318.09,1910.74
1987-06,New York,22K,405.79,332.9,247.81,5239.9,1492.8,1509.24
1983-11,Dubai,18K,310.83,322.74,204.88,3133.11,,679.86
2011-11,Kolkata,18K,1159.05,833.36,723.34,54193.32,4257.13,7484.79
2016-01,Kolkata,24K,1290.74,1165.52,956.96,86704.69,4740.89,8571.29
2017-02,London,24K,1274.65,1129.56,989.64,83002.97,4681.71,8612.98
1980-12,Dubai,22K,568.01,349.58,243.85,4466.21,2106.0,856.54
1989-12,Kolkata,24K,382.06,326.55,233.5,6168.71,1404.36,1438.97
1994-08,Chennai,18K,285.06,236.99,,8943.27,1036.25,2453.48
1983-02,Kolkata,18K,318.88,331.09,210.18,3214.22,1172.25,697.46
2011-01,London,22K,1435.38,1032.04,895.79,67113.55,5272.07,9269.24
2005-01,London,24K,451.83,364.29,248.92,19924.61,1659.51,3699.93
2007-12,Kolkata,22K,628.1,457.77,313.43,25912.91,2306.5,4773.23
2017-05,Dubai,22K,1149.35,1018.53,892.36,74843.61,4221.49,7766.3
1997-12,Mumbai,18K,251.62,222.15,153.71,9118.97,924.13,2086.01
2010-02,New York,24K,1252.32,946.19,810.4,57248.72,4599.62,8471.2
2011-04,London,18K,1175.26,845.01,733.46,54951.45,4316.68,7589.5
1987-05,London,22K,417.81,342.76,255.14,5395.08,1537.01,1553.94
1998-05,Dubai,18K,221.53,199.07,133.67,9139.01,813.65,1833.98
2008-08,New York,24K,855.86,,462.89,37070.31,3143.47,5952.32
1990-05,Mumbai,18K,288.05,212.49,162.19,,1057.25,1372.16
2012-04,Mumbai,24K,1666.9,1297.1,1051.67,88967.46,6122.53,10516.38
2013-08,London,18K,1041.85,785.33,667.25,60712.81,3826.7,6410.9
2008-02,Delhi,22K,817.37,556.05,,35403.1,3002.09,5684.62
2009-11,Delhi,24K,996.03,713.99,636.32,48146.06,3658.33,6803.86
1981-01,London,24K,456.07,358.4,225.44,3939.13,1679.3,920.22
1984-04,Mumbai,22K,339.25,400.5,253.72,3824.91,1245.68,871.36
2007-05,Kolkata,22K,,469.9,321.73,26599.69,2367.63,4899.74
1978-12,Chennai,18K,148.83,95.97,77.44,1909.58,895.54,712.96
2019-02,Mumbai,18K,1022.7,914.21,802.62,72048.75,,7075.19
1978-07,Dubai,18K,143.68,92.65,74.76,1843.4,864.5,688.25
1979-06,Delhi,24K,304.49,184.94,143.0,2480.33,1163.2,926.06
1998-12,Delhi,24K,295.89,265.89,,12206.69,1086.76,2449.59
2017-11,London,24K,1248.42,1106.32,969.28,81295.31,4585.39,8435.78
2018-01,Mumbai,22K,1119.12,947.27,837.79,76453.96,4110.62,7393.0
1982-11,London,24K,376.35,346.57,216.14,3563.6,1382.6,929.25
2001-10,Delhi,18K,204.04,228.0,141.72,9627.28,749.43,1688.84
2007-05,Mumbai,18K,516.72,376.59,257.85,21317.72,1897.48,3926.78
2017-07,Delhi,24K,1279.2,1133.6,993.18,83299.36,4698.42,8643.73
1983-01,Chennai,24K,421.05,437.18,277.53,4244.07,1547.85,920.93
1986-06,Chennai,24K,360.12,343.97,245.85,,1323.52,1245.66
1990-03,London,22K,343.84,253.64,193.59,6003.98,1261.99,1637.89
2008-06,Chennai,24K,893.13,607.6,483.04,38684.63,3280.36,6211.53
1993-08,London,18K,270.19,226.27,180.0,8412.83,992.74,1559.78
2005-05,Delhi,22K,401.65,323.83,221.27,17711.81,1475.2,3289.02
2014-12,Chennai,18K,952.9,716.95,577.99,58123.31,3500.01,5870.74
2019-08,Mumbai,22K,1284.76,1148.47,1008.29,90510.84,4719.06,8888.17
2003-04,Kolkata,18K,275.48,243.56,168.49,12817.66,1011.81,
2021-02,London,24K,1798.28,1520.34,1307.29,132943.39,6605.33,11598.43
1978-02,Dubai,18K,145.63,93.91,75.78,1868.46,876.25,697.61
1999-05,Chennai,22K,253.24,237.64,156.45,10903.75,930.16,2096.45
2003-11,Kolkata,18K,271.65,240.18,166.15,12639.8,997.77,2248.5
1990-02,Chennai,18K,285.44,210.56,160.71,4984.24,1047.65,1359.7
2000-05,Dubai,18K,212.16,230.13,140.13,9526.5,779.26,1756.38
1999-09,New York,18K,208.6,195.75,128.87,8981.53,766.19,1726.87
2012-01,Kolkata,18K,1262.61,982.5,796.6,67389.41,4637.58,7965.75
2016-11,Mumbai,18K,932.49,842.02,691.35,62639.34,3425.03,6192.28
1982-08,Chennai,18K,279.52,257.4,160.53,2646.75,1026.88,690.17
1999-04,Kolkata,22K,258.28,242.37,159.56,11120.46,948.65,2138.12
1998-05,Dubai,24K,290.0,260.6,174.99,11963.84,,2400.86
2000-01,Mumbai,18K,209.2,226.92,138.17,9393.37,768.37,1731.83
2018-09,Delhi,18K,942.18,797.5,705.33,64366.34,3460.72,6224.14
2007-06,Chennai,18K,519.21,378.41,,21420.34,1906.62,3945.69
1990-03,New York,18K,,212.02,161.82,5018.63,1054.88,1369.08
2005-09,Mumbai,24K,446.86,360.28,246.18,19705.44,1641.25,3659.23
2016-07,Mumbai,18K,964.85,871.25,715.34,64813.23,3543.89,6407.18
1996-04,Chennai,24K,377.49,292.84,242.24,13354.33,1386.46,3138.65
1983-05,Delhi,24K,426.05,442.37,280.82,4294.49,1566.23,931.87
2006-05,London,18K,460.03,366.18,249.67,20845.44,1689.67,3667.43
1997-08,Mumbai,24K,326.32,288.1,199.34,11826.11,1198.48,2705.28
1993-10,Dubai,22K,325.21,272.34,216.66,10125.91,1194.89,1877.39
1985-05,Kolkata,24K,319.33,396.61,247.86,3912.23,1169.62,932.57
2020-08,Delhi,24K,1722.33,1507.67,1342.15,127695.82,6326.35,11879.49
2010-04,London,24K,1232.07,930.89,797.29,56322.9,4525.24,8334.21
2016-02,Dubai,22K,1121.66,1012.84,831.59,75346.32,4119.83,7448.44
2015-05,Mumbai,18K,889.83,801.8,582.18,57028.85,3268.36,5588.4
1990-06,Delhi,22K,347.21,256.13,195.49,6062.9,1274.38,1653.96
2006-03,Dubai,22K,561.1,446.63,304.53,25425.34,2060.91,4473.19
1987-05,New York,22K,416.35,341.56,254.25,5376.22,1531.64,1548.51
2012-06,New York,18K,1246.9,970.28,786.69,66550.95,4579.88,7866.64
1993-09,New York,24K,361.57,302.79,240.88,11258.09,1328.49,2087.3
1985-07,Mumbai,18K,228.12,283.33,177.07,2794.86,835.57,666.22
1981-06,Delhi,22K,,338.73,213.07,3722.95,1587.14,869.71
1986-01,Chennai,22K,325.63,311.02,222.3,4094.17,1196.74,1126.34
2005-09,Kolkata,22K,406.66,327.87,224.03,17932.66,1493.6,3330.03
2021-10,New York,24K,1800.31,1522.06,1308.77,133093.86,6612.81,11611.56
1984-01,Kolkata,24K,359.32,424.19,268.73,4051.2,1319.38,922.91
2004-02,London,22K,371.58,298.92,202.85,16822.24,1364.8,3075.47
1981-12,Chennai,24K,459.55,361.13,227.16,3969.11,1692.08,927.22
2020-12,Mumbai,24K,1762.51,1542.85,1373.47,130675.18,6473.95,12156.66
1990-07,Mumbai,18K,289.24,213.37,162.85,5050.57,1061.59,1377.8
1981-03,Dubai,22K,415.41,326.45,205.34,3587.9,1529.57,
2016-09,Mumbai,18K,961.16,867.92,712.61,64565.51,3530.35,6382.7
2010-09,Mumbai,24K,1241.62,938.11,803.47,56759.67,4560.33,8398.83
2002-02,Mumbai,24K,310.47,328.81,206.66,15080.45,1140.35,2569.74
2020-01,Mumbai,22K,1605.99,1405.84,1251.49,119070.6,5899.04,11077.09
1985-08,New York,18K,233.1,289.51,180.93,2855.77,853.78,680.74
1999-06,Delhi,18K,204.11,191.53,,8788.09,749.68,1689.67
2009-04,London,24K,964.56,691.43,616.21,46624.76,3542.73,6588.88
1988-02,Chennai,18K,327.88,264.29,184.35,4532.8,1203.84,1220.47
2011-06,Chennai,22K,1424.61,1024.29,889.07,66609.9,5232.51,9199.68
1999-02,Mumbai,18K,208.77,195.9,128.97,8988.66,766.79,1728.24
1991-08,New York,18K,271.71,208.81,154.14,6169.57,997.23,1445.61
2013-04,Kolkata,22K,1301.23,,833.36,75827.85,4779.4,8006.96
2021-08,New York,18K,1353.31,1144.14,983.81,100047.43,4970.89,8728.47
2012-09,Kolkata,24K,1638.52,1275.01,1033.76,,6018.28,10337.32
1998-08,Mumbai,22K,277.42,249.3,167.4,11444.75,1018.93,2296.69
2005-10,Kolkata,24K,441.64,356.07,243.3,19475.06,1622.06,3616.45
2016-06,Mumbai,24K,1241.25,1120.83,920.26,83379.78,4559.09,8242.6
2015-12,Delhi,22K,1088.29,980.62,712.02,69747.44,3997.27,6834.73
2017-12,London,22K,1128.73,1000.26,876.36,,4145.78,7627.03
1992-10,Delhi,22K,308.59,,175.44,,1133.09,1706.85
2020-09,Delhi,24K,1758.37,1539.22,1370.24,130367.86,6458.73,12128.07
2000-05,Kolkata,18K,208.8,226.49,137.91,9375.55,766.91,1728.54
1995-03,Kolkata,24K,391.17,297.35,247.85,12669.72,1436.7,3266.34
2014-01,New York,24K,1259.63,947.73,764.04,76832.68,4626.63,7760.48
2021-04,New York,18K,1312.05,1109.26,953.82,96997.3,4819.34,8462.37
1983-08,Chennai,24K,421.83,438.0,278.04,4252.01,1550.74,922.65
2006-09,Dubai,22K,547.91,436.13,297.37,24827.47,2012.45,4368.0
2004-12,Chennai,22K,374.25,301.07,204.31,16942.88,1374.59,3097.53
2004-09,New York,18K,305.88,246.07,166.98,13847.65,1123.47,2531.65
2007-08,Chennai,22K,646.91,471.48,322.81,26689.05,2375.58,4916.2
2002-02,Mumbai,18K,233.86,247.67,155.67,11359.19,858.96,1935.63
2007-10,Dubai,22K,643.64,469.09,,26553.83,2363.55,4891.29
2019-06,New York,22K,1237.51,1106.24,971.21,87182.49,4545.52,8561.32
1994-04,Mumbai,22K,351.84,292.5,229.71,11038.17,1278.99,3028.19
1990-11,London,18K,282.1,208.1,158.83,4925.9,1035.39,1343.79
1983-05,Mumbai,24K,422.35,438.53,278.39,4257.22,1552.64,923.78
1998-08,Mumbai,18K,225.52,202.66,136.08,9303.84,828.32,1867.06
2015-04,London,18K,874.69,788.15,572.27,56057.91,,5493.25
2018-01,Dubai,18K,943.06,798.25,705.99,64426.47,3463.95,6229.96
2000-08,Dubai,18K,214.23,232.37,141.49,9619.27,786.85,1773.48
1997-12,New York,18K,246.13,,150.35,8919.68,903.94,2040.42
2017-08,Dubai,24K,1250.81,1108.44,971.14,81450.72,4594.15,8451.9
2019-10,Mumbai,24K,1402.59,1253.8,1100.76,98811.75,5151.85,9703.31
1989-07,Kolkata,24K,378.19,323.24,231.14,6106.26,1390.14,1424.4
1994-08,Dubai,22K,346.94,288.42,226.51,10884.33,1261.16,2985.98
2013-10,Dubai,22K,1312.99,989.72,840.9,76513.3,4822.6,8079.34
2013-12,Delhi,22K,1297.09,977.73,830.71,75586.93,4764.21,7981.52
2007-08,New York,24K,695.9,507.18,347.26,28709.85,2555.45,5288.43
1984-09,Dubai,22K,329.66,389.17,246.54,3716.77,1210.46,846.72
2009-02,New York,18K,723.38,518.54,462.13,34966.59,2656.9,4941.38
1987-03,Chennai,18K,323.96,265.76,197.83,,1191.75,1204.87
2007-06,London,24K,702.9,512.29,350.75,28998.98,2581.19,5341.69
1997-11,New York,18K,250.9,221.5,153.27,9092.54,921.46,
2021-07,Kolkata,24K,1801.91,1523.41,1309.93,133211.64,6618.66,11621.83
1981-02,Kolkata,24K,456.96,359.1,225.88,3946.79,1682.56,922.01
2007-11,Mumbai,24K,702.12,511.72,350.36,28966.7,2578.32,5335.75
1999-10,London,24K,279.5,262.28,172.67,12034.34,1026.61,2313.83
2021-02,London,22K,1596.59,1349.82,1160.67,118032.58,5864.49,10297.56
1994-05,New York,18K,290.1,241.17,189.4,9101.24,1054.56,2496.81
1987-12,Chennai,22K,423.62,347.52,258.69,5470.04,1558.37,1575.53
2006-03,Kolkata,18K,448.98,357.38,243.68,20344.68,1649.08,3579.32
1999-03,Kolkata,22K,257.26,241.41,158.93,11076.6,944.91,2129.68
2010-04,New York,24K,1252.93,946.65,810.79,57276.5,4601.86,
1989-03,London,22K,,297.22,212.53,5614.68,1278.23,
2011-11,Kolkata,22K,1469.04,1056.24,916.8,68687.32,5395.7,9486.6
1979-12,London,18K,230.15,139.79,108.09,1874.77,879.21,699.96
2009-06,London,24K,969.13,694.71,619.13,46845.75,3559.52,6620.11
2018-01,Mumbai,24K,1266.27,1071.82,947.94,86506.64,4651.12,8365.08
2020-10,Mumbai,18K,1336.76,1170.16,1041.69,99109.28,4910.11,9220.1
2017-05,New York,24K,1292.75,1145.6,1003.7,84181.62,4748.19,8735.28
1994-08,Dubai,24K,386.62,321.41,252.42,12129.37,1405.43,3327.54
2001-09,Kolkata,22K,247.25,276.28,171.74,11666.02,908.13,2046.48
2007-03,Kolkata,18K,523.82,381.77,261.39,21610.6,1923.55,3980.73
1987-02,London,18K,327.63,268.78,200.08,4230.66,1205.28,1218.55
2019-01,Kolkata,18K,1051.38,939.85,825.13,74069.11,3861.82,7273.59
2008-04,Kolkata,18K,656.23,446.43,354.91,28423.36,2410.23,4563.89
2002-04,Mumbai,22K,290.1,307.24,193.1,14091.16,1065.54,2401.16
2011-04,Mumbai,22K,1458.21,1048.46,910.04,68181.31,5355.95,9416.71
1988-05,Mumbai,22K,402.16,324.15,226.12,5559.62,1476.55,1496.94
1996-05,Dubai,24K,394.78,306.24,253.33,13965.68,1449.93,3282.33
1981-11,Mumbai,22K,423.26,332.62,209.22,3655.71,1558.48,854.01
1991-12,London,18K,270.02,207.52,153.18,,991.03,1436.62
1984-10,Dubai,24K,350.82,414.15,262.37,3955.29,1288.14,901.06
2016-12,Delhi,24K,1253.52,1131.91,929.36,84204.11,4604.16,8324.09
2009-06,London,24K,972.57,697.18,621.33,47012.37,3572.18,6643.66
2018-01,Delhi,24K,1254.51,1061.87,939.14,85703.41,4607.93,8287.41
1982-10,Kolkata,22K,346.11,318.72,198.77,3277.27,1271.51,854.58
2012-08,London,22K,1520.51,1183.18,959.31,81154.11,5584.83,9592.81
1991-08,Chennai,18K,271.31,208.51,153.91,6160.65,995.79,1443.52
2014-01,Mumbai,18K,967.22,727.72,586.68,58996.66,3552.6,5958.95
1983-03,Kolkata,24K,422.11,438.29,278.23,4254.85,1551.78,923.27
1995-12,Chennai,18K,293.54,223.14,185.99,9507.68,1078.13,2451.15
1982-05,Kolkata,24K,,348.34,217.24,3581.81,1389.66,933.99
2007-07,Delhi,22K,630.43,459.47,314.59,26008.84,2315.04,4790.9
2019-04,Chennai,22K,1260.25,1126.56,989.06,88784.16,4629.03,8718.6
1978-09,Dubai,24K,189.36,122.1,98.53,2429.55,1139.38,907.1
1988-08,Kolkata,22K,398.62,321.3,224.13,5510.71,1463.56,1483.77
2008-04,Chennai,18K,655.79,446.13,354.68,28404.6,2408.64,4560.88
1981-12,Mumbai,24K,460.51,361.89,227.64,3977.42,1695.63,929.16
2014-10,Delhi,18K,954.25,717.97,578.81,58205.82,3504.98,5879.07
1987-04,Mumbai,24K,455.75,373.89,278.31,5885.03,1676.6,1695.06
2013-07,Kolkata,18K,1087.6,819.82,696.54,63378.72,3994.73,6692.41
2012-03,London,18K,1226.93,954.74,774.09,65485.05,,7740.65
1991-04,Kolkata,24K,355.1,272.91,201.45,8063.28,1303.32,1889.33
1999-04,Mumbai,18K,209.67,196.76,129.53,9027.67,770.12,1735.74
1981-02,New York,22K,407.1,319.91,201.23,3516.11,1498.96,821.4
2003-08,New York,24K,369.34,326.56,225.9,17185.24,1356.59,3057.09
1985-02,Chennai,18K,240.32,298.48,186.53,2944.27,880.24,701.83
1988-12,London,24K,439.7,354.41,247.22,6078.62,1614.39,1636.68
1999-01,Kolkata,22K,254.34,238.67,157.13,10950.72,934.17,2105.48
1981-08,London,22K,430.82,338.55,212.96,3720.99,1586.3,869.26
2015-01,Mumbai,18K,839.91,756.82,549.52,53829.1,3084.98,5274.85
2005-03,London,18K,329.63,265.77,181.6,14535.91,1210.68,2699.27
2000-07,New York,18K,210.48,228.3,139.02,9450.81,773.07,1742.42
2000-09,Chennai,18K,214.38,232.53,141.59,9625.88,787.39,1774.7
1983-03,Dubai,24K,430.64,447.14,283.85,4340.74,1583.1,941.9
2005-08,Mumbai,24K,454.02,366.05,250.12,20020.97,1667.53,3717.83
2003-12,New York,22K,341.01,301.51,208.57,15866.98,1252.52,2822.59
1989-06,Mumbai,18K,287.23,245.5,175.55,4637.62,1055.79,1081.81
1981-11,Mumbai,18K,345.98,271.89,171.03,2988.28,1273.94,698.09
2015-05,Chennai,24K,1177.96,1061.43,770.69,75494.56,4326.64,7397.9
2016-02,Chennai,24K,1253.46,1131.86,929.32,84200.29,4603.95,8323.71
2003-07,New York,22K,336.77,297.76,205.98,15669.69,1236.95,2787.49
2021-09,Dubai,22K,1657.84,1401.61,1205.2,122560.9,6089.48,10692.63
1978-02,New York,24K,197.42,127.3,102.73,2533.0,1187.9,945.72
2006-11,Mumbai,22K,562.48,447.73,305.28,25487.77,2065.97,4484.17
1981-02,London,24K,459.02,360.72,226.9,3964.58,1690.15,926.16
1982-03,Dubai,22K,349.54,321.88,200.74,3309.73,1284.1,863.05
2013-07,Mumbai,18K,1079.17,813.46,691.14,62887.4,3963.77,6640.53
2002-06,Delhi,18K,229.13,242.66,152.52,11129.39,841.58,1896.47
1992-06,Kolkata,18K,256.7,189.1,145.94,7192.27,942.55,1419.82
1998-08,New York,22K,267.72,240.58,161.55,11044.52,983.29,2216.37
2017-09,New York,24K,1297.25,1149.59,1007.19,84474.79,4764.72,8765.7
1984-05,Delhi,24K,366.69,432.89,274.24,4134.26,1346.43,941.83
1980-10,Delhi,24K,621.35,382.41,266.74,4885.58,2303.75,936.97
2011-09,Delhi,24K,1566.5,1126.31,977.62,73244.25,5753.67,10115.97
2011-07,New York,22K,1477.24,,921.92,69071.06,5425.84,9539.6
1980-01,Kolkata,24K,607.38,373.81,260.75,4775.77,2251.97,915.91
2014-10,Dubai,22K,1150.82,865.86,698.04,70195.57,,7090.1
2015-02,Delhi,24K,1155.48,1041.17,,74053.78,4244.06,7256.71
1998-05,Delhi,22K,257.58,231.47,155.43,10626.48,946.08,2132.48
1994-05,London,24K,376.26,312.8,245.65,11804.44,1367.78,3238.4
1999-05,Mumbai,22K,254.0,238.36,156.92,10936.46,932.95,2102.74
2017-01,Mumbai,24K,1251.98,1109.48,972.05,81527.17,4598.47,8459.84
2002-12,Kolkata,24K,314.65,333.24,209.45,15283.62,1155.71,2604.36
1991-11,Chennai,18K,270.68,208.03,153.55,6146.27,993.46,1440.15
1997-11,Chennai,18K,251.44,221.99,153.6,9112.31,923.46,2084.48
1993-10,Mumbai,24K,358.07,299.86,238.55,11149.02,1315.61,2067.08
1988-01,Delhi,22K,404.1,325.72,227.21,5586.49,1483.69,1504.17
1985-08,New York,18K,234.84,291.68,182.28,2877.19,,685.84
1996-12,Dubai,22K,355.27,275.59,227.98,12568.1,1304.83,2953.86
2002-01,Kolkata,22K,284.76,301.58,189.55,13831.77,1045.93,2356.97
1987-03,London,22K,404.08,331.49,246.76,5217.74,1486.49,1502.86
1983-01,Dubai,24K,425.34,441.64,280.36,4287.38,1563.64,930.32
1982-07,Mumbai,22K,349.12,321.49,200.5,3305.76,1282.56,862.01
1990-01,London,18K,286.04,211.01,161.05,4994.71,1049.85,1362.56
1988-03,London,22K,399.96,322.38,224.88,5529.21,1468.47,1488.75
2000-01,Delhi,18K,209.45,227.19,138.34,9404.56,769.29,1733.89
2003-02,Chennai,18K,267.85,236.82,163.82,12462.66,983.79,2216.99
2012-06,Chennai,18K,1253.27,975.23,790.7,66890.88,4603.27,7906.83
2003-01,Delhi,24K,366.7,324.22,224.28,17062.11,1346.87,3035.19
2000-09,Kolkata,24K,272.62,295.71,180.06,12241.01,1001.31,2256.84
2014-10,Mumbai,18K,945.27,711.21,573.36,57657.97,3471.99,5823.74
1983-09,New York,18K,,338.89,215.13,3289.87,1199.84,713.87
2001-10,Delhi,18K,204.04,228.0,141.72,9627.28,749.43,1688.84
1988-10,New York,24K,432.26,348.42,243.04,5975.79,1587.08,1609.0
2002-06,Delhi,18K,229.13,242.66,152.52,11129.39,841.58,1896.47
2009-04,New York,18K,746.71,535.27,477.04,36094.46,2742.6,5100.77
2007-03,Chennai,24K,677.61,493.85,338.13,27955.38,2488.3,5149.46
2002-08,Kolkata,22K,283.32,300.05,188.59,13761.47,1040.61,2344.99
1985-02,Chennai,22K,289.57,359.65,224.76,3547.68,1060.64,845.67
2009-11,Delhi,18K,723.74,518.81,462.37,34984.36,2658.25,4943.89
2019-11,New York,22K,1296.63,1159.08,1017.61,91346.99,4762.65,8970.28
2020-04,Dubai,18K,1297.43,1135.73,1011.04,96193.27,4765.64,8948.82
2016-08,Kolkata,22K,1150.93,1039.28,853.3,77313.16,,7642.88
1985-10,Kolkata,22K,287.17,356.66,222.9,3518.22,1051.83,838.64
1986-04,Chennai,24K,366.95,350.49,250.51,4613.77,1348.62,1269.28
1991-12,Chennai,18K,267.78,205.8,151.91,6080.53,982.84,1424.75
1997-05,Chennai,22K,297.95,263.05,182.01,10797.76,1094.27,2470.04
1996-06,Dubai,22K,355.72,275.95,228.27,12584.14,1306.5,2957.63
1980-11,Mumbai,22K,563.29,346.68,241.82,4429.11,2088.51,849.43
2016-05,Mumbai,24K,1250.51,1129.19,927.13,84002.23,4593.12,8304.13
1992-01,Dubai,22K,312.43,230.15,177.63,8753.79,1147.19,1728.08
2021-09,Kolkata,18K,1377.47,1164.58,1001.38,101834.13,5059.66,8884.35
2006-03,Chennai,22K,567.61,451.81,308.06,25720.15,2084.8,4525.05
2010-04,Delhi,24K,1220.64,922.26,789.9,55800.65,4483.28,8256.93
2011-09,New York,18K,1182.31,850.08,737.86,55281.0,4342.57,7635.01
2016-05,Mumbai,24K,1264.23,1141.58,937.3,84923.86,4643.52,8395.24
1989-01,Mumbai,22K,347.8,297.27,212.57,5615.62,1278.44,1309.95
2019-11,London,22K,1291.49,1154.49,1013.57,90985.03,4743.78,8934.73
2006-04,Kolkata,22K,546.89,435.32,296.81,24781.1,2008.69,4359.84
1992-07,London,18K,263.85,194.36,150.0,7392.53,,1459.35
1988-03,New York,24K,427.87,344.88,240.57,,1570.97,1592.66
2016-02,Kolkata,22K,1156.71,1044.49,857.59,77701.29,4248.6,7681.25
2012-12,Delhi,24K,1662.71,1293.84,1049.03,88744.03,6107.15,10489.97
1996-07,New York,22K,356.16,276.28,228.55,12599.45,,2961.23
1995-08,Chennai,24K,383.82,291.76,243.2,12431.78,1409.71,3205.0
2001-06,Mumbai,18K,204.19,228.16,141.82,9634.06,749.96,1690.03
1999-06,Dubai,24K,,265.25,174.63,12170.49,1038.23,2340.01
1988-05,Kolkata,18K,329.8,265.83,185.43,4559.33,1210.89,1227.61
1978-03,Dubai,18K,147.2,94.92,76.59,1888.6,885.69,705.13
1996-09,Dubai,18K,286.03,221.88,183.55,10118.66,1050.53,
2000-10,Delhi,22K,256.46,278.18,169.39,11515.56,941.96,2123.09
2017-05,New York,24K,1264.72,1120.77,981.94,82356.8,4645.26,8545.93
1986-05,Mumbai,22K,344.68,329.22,235.31,4333.76,1266.78,1192.25
1994-08,Kolkata,24K,385.76,320.7,251.86,12102.49,1402.31,3320.17
2011-04,Mumbai,22K,1458.21,1048.46,910.04,68181.31,5355.95,9416.71
1986-09,Chennai,18K,,265.57,189.82,3495.96,1021.88,961.76
1985-08,Mumbai,18K,232.54,288.81,180.49,2848.94,851.73,679.11
2009-02,Dubai,24K,961.91,689.53,614.52,46496.79,3533.01,6570.79
2003-05,Dubai,22K,323.02,285.6,197.56,15029.78,1186.44,2673.66
2002-08,Dubai,24K,308.09,326.28,,14964.56,1131.59,2549.99
2017-02,Chennai,22K,1166.2,1033.47,905.45,75941.4,4283.41,7880.22
1994-12,Kolkata,24K,383.86,319.12,250.62,12042.85,1395.4,3303.81
2004-09,Dubai,18K,322.97,259.82,176.32,14621.45,1186.25,2673.12
2003-04,Delhi,18K,268.61,237.49,164.29,12498.22,986.6,2223.32
2017-08,Delhi,18K,957.82,848.8,743.66,62371.57,3518.01,6472.12
2002-01,Mumbai,24K,308.27,326.48,205.2,14973.6,1132.27,2551.54
2003-04,Delhi,24K,374.16,330.82,228.85,17409.47,1374.29,3096.98
1988-11,Delhi,18K,326.66,263.3,183.67,4515.91,1199.36,1215.92
2014-03,Kolkata,22K,1143.27,860.19,693.46,69735.33,4199.25,7043.61
1996-03,Chennai,22K,357.54,277.35,229.43,12648.27,1313.16,2972.71
2012-02,Delhi,22K,1532.85,1192.79,967.1,81813.01,5630.17,9670.69
1989-01,London,22K,353.16,301.85,215.84,5702.09,1298.13,1330.12
1985-05,Kolkata,18K,238.63,296.38,185.22,2923.54,874.04,696.89
1998-07,Mumbai,18K,,198.85,133.52,9128.68,812.73,1831.91
1987-11,Mumbai,18K,333.09,273.25,203.41,4301.06,1225.34,1238.83
2019-07,Mumbai,22K,1248.73,1116.27,980.02,87972.93,4586.74,8638.94
1991-04,Delhi,24K,363.8,279.59,206.38,8260.7,1335.23,1935.59
1985-02,Chennai,18K,240.32,298.48,186.53,2944.27,880.24,701.83
2020-03,Dubai,18K,1284.79,1124.66,,95256.12,4719.21,8861.64
2010-07,New York,22K,1141.51,862.47,738.69,52183.14,4192.63,7721.64
1998-03,Delhi,18K,219.79,197.51,132.62,9067.2,807.25,1819.57
1978-07,Chennai,22K,177.11,114.21,92.16,2272.45,1065.71,848.44
1998-03,Kolkata,22K,268.65,241.42,162.11,11083.17,986.73,2224.13
2019-04,New York,18K,,924.56,811.71,72864.61,3799.02,7155.31
2013-06,Delhi,22K,1280.86,965.5,820.32,,4704.6,7881.64
1983-11,Chennai,18K,321.3,333.61,211.78,3238.69,1181.17,702.77
1991-05,New York,24K,362.99,278.97,205.92,8242.26,1332.25,1931.27
1997-08,Delhi,18K,246.62,217.73,150.66,8937.73,905.77,
1981-03,Delhi,24K,467.62,367.47,231.15,4038.84,1721.81,943.51
2004-05,Kolkata,22K,378.69,304.64,206.74,17144.21,1390.92,3134.34
2003-01,Dubai,18K,269.06,237.89,164.56,12518.95,988.23,2227.0
2012-05,Mumbai,18K,1239.48,,782.0,66154.53,4552.6,7819.79
1986-05,London,22K,333.18,318.24,227.46,4189.19,1224.52,1152.48
2002-05,Kolkata,24K,304.74,322.74,202.84,14801.9,1119.29,2522.28
2010-06,Dubai,22K,1115.22,842.61,721.68,50981.45,4096.08,7543.82
2002-02,New York,22K,284.73,301.55,189.53,13830.16,1045.81,2356.69
2020-02,Mumbai,22K,,1423.88,1267.56,120598.6,5974.74,11219.24
2000-12,Delhi,22K,255.17,276.78,168.53,11457.46,937.21,2112.38
1997-03,Chennai,24K,336.05,296.68,205.29,12178.56,1234.2,2785.9
1986-01,Chennai,18K,271.32,259.15,185.23,3411.39,997.16,938.5
1994-11,Mumbai,18K,299.44,248.94,195.5,9394.22,1088.51,
1996-04,Kolkata,18K,,229.59,189.92,10469.94,1087.0,2460.74
1982-06,Mumbai,18K,286.81,264.11,164.71,2715.74,,708.16
1985-08,Chennai,22K,291.02,361.45,225.89,3565.47,1065.95,849.91
1984-01,Chennai,24K,352.86,416.56,263.89,3978.32,1295.64,906.3
2021-03,Mumbai,18K,1350.37,1141.66,981.67,99830.17,4960.09,8709.52
1983-05,Mumbai,22K,384.68,399.42,253.56,3877.56,1414.17,841.4
2018-01,Dubai,22K,1144.48,968.73,856.77,,4203.77,7560.52
2002-02,London,18K,233.23,247.0,155.25,11328.58,856.64,1930.42
1985-07,Chennai,24K,316.15,392.66,245.39,3873.32,1157.99,923.29
2007-01,Chennai,18K,525.94,383.32,262.45,21698.22,1931.35,3996.87
1982-01,Mumbai,18K,277.11,255.17,159.14,2623.84,,684.19
1982-06,New York,18K,286.5,263.82,164.53,2712.75,1052.49,707.38
1999-10,Kolkata,22K,261.45,245.34,161.52,11257.01,960.3,2164.37
2009-10,Dubai,22K,888.13,636.65,567.39,42930.68,,6066.84
1988-01,Mumbai,22K,397.17,320.14,223.31,5490.74,1458.26,1478.39
1999-09,Delhi,18K,,196.57,,9019.1,769.39,1734.09
2016-12,Mumbai,18K,924.45,834.76,685.39,62099.26,3395.5,6138.89
2013-02,Delhi,24K,1388.82,1046.88,889.46,80932.23,5101.12,8545.95
2013-06,New York,24K,1400.74,1055.86,897.1,81627.04,5144.92,8619.32
1986-10,Dubai,24K,369.82,353.22,252.47,4649.78,1359.15,1279.19
1978-07,Chennai,18K,143.85,92.76,74.85,1845.59,865.53,689.07
1999-11,London,22K,253.37,237.76,156.53,10909.29,930.64,2097.52
1980-04,Delhi,24K,621.67,382.61,266.88,4888.1,2304.94,937.45
2005-02,Chennai,24K,451.6,364.11,248.79,19914.64,1658.67,3698.08
1983-09,London,18K,319.44,331.68,210.56,3219.92,1174.33,698.69
1983-06,Chennai,18K,322.11,334.45,212.32,3246.84,1184.15,704.53
2003-09,Mumbai,22K,329.62,291.43,201.6,15336.85,,2728.28
2017-08,Chennai,18K,909.77,806.22,706.35,59243.03,3341.55,6147.48
1995-02,Delhi,22K,348.55,264.95,220.85,11289.29,1280.16,2910.46
2013-06,Chennai,24K,1372.81,1034.81,879.21,79999.36,5042.32,8447.44
2000-12,Delhi,22K,264.89,287.33,174.95,11893.99,972.92,2192.86
2008-05,London,18K,668.84,455.01,361.74,28969.9,2456.57,4651.65
2013-02,New York,18K,1072.3,808.29,686.75,62487.57,3938.56,6598.31
1993-10,London,22K,332.71,278.62,221.65,10359.34,1222.43,1920.67
1979-05,Mumbai,24K,299.9,182.16,140.85,2442.97,1145.68,912.11
2001-06,Kolkata,24K,272.38,304.36,189.19,12851.75,1000.43,2254.49
1987-09,Kolkata,24K,457.34,375.19,279.28,5905.46,1682.42,1700.94
2016-03,Delhi,18K,949.24,857.15,703.77,63764.45,3486.55,6303.51
1984-09,Kolkata,24K,357.77,422.36,267.57,4033.68,1313.68,918.92
1987-09,New York,18K,343.39,,209.7,4434.08,1263.23,1277.14
1978-08,Kolkata,18K,146.89,94.72,76.43,1884.64,883.84,703.65
2001-09,Mumbai,24K,272.95,304.99,189.58,12878.43,1002.51,2259.17
2002-08,Mumbai,22K,284.05,300.82,189.07,13796.82,1043.29,2351.01
1979-08,Chennai,24K,309.96,188.27,145.57,2524.89,1184.09,942.69
2021-07,Kolkata,24K,1801.91,1523.41,1309.93,133211.64,6618.66,11621.83
1999-11,Kolkata,18K,213.6,200.44,131.96,9196.66,784.54,1768.23
2021-11,Dubai,22K,1671.38,1413.06,1215.04,123562.35,6139.23,10779.99
1990-02,Delhi,24K,380.1,280.39,,6637.13,1395.08,1810.61
1980-12,Dubai,24K,609.44,375.08,261.63,4792.0,2259.62,919.02
2015-03,London,24K,1139.6,1026.86,745.6,73036.33,4185.75,7157.01
2014-07,Delhi,24K,1251.18,941.38,,76317.64,4595.62,7708.46
2001-11,Mumbai,22K,255.79,285.82,177.67,12068.78,939.49,2117.14
1996-11,Dubai,18K,290.64,225.46,,10281.66,1067.45,2416.48
1979-04,Mumbai,18K,227.77,138.35,106.97,1855.43,870.14,692.74
2010-04,London,18K,901.17,680.88,583.16,41196.21,3309.89,6095.88
1985-04,Dubai,18K,240.18,298.31,186.43,2942.58,879.73,701.43
1991-07,New York,18K,273.46,210.16,155.13,6209.38,1003.66,1454.94
1988-05,Chennai,24K,432.67,348.75,243.27,5981.44,1588.58,1610.52
1988-11,Dubai,18K,325.34,262.24,182.92,4497.65,1194.51,1211.0
2014-06,Dubai,22K,,887.97,715.86,71987.54,4334.87,7271.09
2010-02,Mumbai,18K,931.45,703.76,602.76,42580.53,3421.11,6300.72
1990-01,New York,24K,380.49,280.68,214.23,6644.04,1396.53,1812.5
2017-11,Delhi,22K,1158.44,1026.59,899.42,75435.86,,7827.76
1999-04,New York,22K,258.54,242.62,159.73,11131.87,949.62,2140.31
2003-11,New York,18K,272.01,240.5,166.37,12656.5,999.09,2251.47
1979-11,New York,18K,,136.88,105.83,1835.68,860.88,685.37
1985-06,Dubai,18K,236.45,293.67,183.53,2896.86,866.06,690.53
1989-01,Chennai,18K,277.68,237.33,169.71,4483.4,1020.68,1045.84
2002-01,New York,22K,280.58,297.15,186.77,13628.58,1030.56,2322.34
2009-08,Chennai,18K,727.03,521.16,464.46,35143.04,2670.3,4966.31
2008-06,Delhi,18K,641.75,436.58,347.09,27796.37,2357.06,4463.22
2012-04,Dubai,18K,1287.61,1001.95,812.37,68723.76,4729.4,8123.48
2009-06,New York,18K,720.78,516.68,460.47,34841.18,2647.37,4923.66
1981-07,New York,22K,418.97,329.24,207.1,3618.65,1542.68,845.35
2003-11,New York,24K,360.81,319.02,220.68,16788.35,1325.26,2986.49
1994-02,London,22K,346.22,287.83,226.04,10861.95,1258.57,2979.84
1991-08,London,18K,270.56,207.93,153.49,6143.55,993.02,1439.52
2013-06,Chennai,24K,1372.81,1034.81,879.21,79999.36,5042.32,8447.44
1978-04,Kolkata,18K,151.5,97.69,78.83,1943.77,911.57,725.73
1978-08,Kolkata,18K,146.89,94.72,76.43,1884.64,883.84,703.65
1980-08,London,22K,564.3,347.3,242.25,4437.07,2092.26,850.95
2007-03,London,18K,518.45,377.85,258.71,21388.98,1903.83,3939.91
2007-05,Dubai,24K,691.15,503.72,344.89,28514.06,2538.03,5252.37
2003-01,Kolkata,18K,274.38,242.59,167.81,12766.45,1007.77,2271.03
2000-04,New York,18K,206.27,223.74,136.24,9261.92,757.62,1707.6
1991-06,Dubai,22K,333.15,256.04,189.0,7564.85,1222.76,1772.54
1991-12,New York,22K,335.9,258.15,190.55,7627.21,1232.84,1787.16
1994-11,Mumbai,22K,346.64,288.18,226.32,10875.13,1260.1,2983.46
1991-08,New York,24K,368.63,283.3,,8370.45,1352.97,1961.31
1985-07,New York,22K,291.43,361.96,226.21,3570.49,1067.46,851.11
1999-12,Mumbai,22K,256.26,240.47,158.31,11033.53,941.24,2121.4
2017-04,Mumbai,18K,929.57,823.76,721.72,60532.12,3414.26,6281.24
2009-10,Dubai,22K,888.13,636.65,567.39,42930.68,,6066.84
1998-09,Kolkata,22K,268.33,241.14,161.92,11070.07,985.57,2221.5
2005-08,Mumbai,18K,327.8,264.29,180.59,14455.41,1203.98,2684.32
1997-04,Mumbai,18K,248.09,219.03,151.55,8990.95,911.16,2056.72
2001-03,Mumbai,24K,261.14,291.81,181.39,12321.55,959.16,2161.48
1994-02,Mumbai,24K,381.17,316.88,248.86,11958.22,1385.6,3280.59
2008-07,Mumbai,18K,648.9,441.45,350.95,28106.25,2383.34,4512.97
2013-04,London,24K,1400.59,1055.75,897.0,81618.31,5144.37,8618.39
2001-03,London,18K,204.04,228.0,141.72,9627.21,749.42,1688.83
1990-04,Dubai,22K,344.51,254.14,193.97,6015.74,1264.47,1641.1
2014-08,Chennai,24K,1269.6,955.23,770.09,,4663.26,7821.91
2012-02,New York,18K,1281.08,996.87,808.25,68375.1,4705.41,8082.27
1994-06,London,18K,286.08,237.83,186.77,8975.01,1039.93,2462.18
2006-10,Mumbai,24K,616.86,491.01,334.79,27951.79,2265.69,4917.68
1989-05,Dubai,18K,284.73,243.36,174.02,,1046.61,1072.41
2013-05,Dubai,24K,1390.26,1047.96,890.38,81016.05,5106.41,8554.8
1979-06,Kolkata,24K,303.2,184.16,142.39,2469.81,,922.13
1991-11,Kolkata,24K,361.05,277.48,204.82,8198.38,1325.16,1920.99
2000-06,London,22K,256.34,278.06,169.31,11510.35,941.54,2122.13
2006-05,New York,24K,,472.44,322.13,26894.54,2180.0,4731.67
1991-02,New York,24K,362.12,278.3,205.43,8222.6,,1926.66
1992-01,Kolkata,22K,320.21,235.88,182.05,8971.81,1175.76,1771.12
1986-02,Dubai,18K,,260.86,186.45,3433.94,1003.75,944.7
1991-12,Chennai,18K,267.78,205.8,151.91,6080.53,982.84,1424.75
2011-07,Kolkata,24K,1594.11,1146.17,994.85,74535.38,5855.09,10294.29
1984-07,Kolkata,18K,275.15,324.82,205.78,3102.17,1010.31,
1985-07,Chennai,24K,312.01,387.51,242.18,3822.52,1142.8,911.18
1983-10,Kolkata,24K,424.1,440.35,279.54,4274.89,1559.09,927.61
2016-08,New York,22K,1119.37,1010.77,829.9,75192.71,4111.43,7433.26
1992-11,Chennai,18K,262.89,193.66,149.46,7365.83,965.29,1454.08
2018-04,Dubai,18K,948.66,802.99,710.18,,3484.52,
2017-08,Chennai,22K,1133.19,1004.21,879.81,,4162.14,7657.12
2016-01,Mumbai,24K,1209.16,1091.85,896.47,81224.49,4441.24,8029.54
1988-04,Delhi,18K,318.96,257.09,179.34,4409.47,1171.09,1187.26
1997-01,Mumbai,22K,,263.95,,10834.71,1098.01,2478.49
1980-07,Mumbai,18K,460.11,283.17,197.52,3617.78,1705.93,693.83
1998-04,Chennai,18K,218.62,196.46,131.92,9019.2,802.98,1809.94
1989-07,Mumbai,24K,385.27,329.29,235.47,6220.55,1416.16,1451.06
1980-05,Dubai,24K,629.56,387.46,270.27,4950.17,2334.21,949.36
2014-08,Dubai,24K,,983.11,792.56,79700.84,4799.35,8050.18
1997-08,New York,24K,333.97,294.85,204.02,12103.28,1226.57,2768.68
2004-08,Chennai,22K,378.64,304.6,206.71,17141.82,1390.73,
2015-05,Delhi,18K,836.23,753.5,547.11,53593.35,3071.47,5251.75
2007-05,New York,22K,621.03,452.62,309.9,25621.37,2280.55,4719.53
2013-08,Dubai,24K,1376.69,1037.74,881.69,80225.56,5056.58,8471.33
1998-01,Kolkata,22K,271.58,244.05,163.88,11203.92,997.49,2248.36
1985-11,Chennai,22K,296.32,368.03,230.0,3630.31,1085.34,865.36
2016-03,Delhi,22K,1133.43,1023.47,840.32,76137.35,4163.08,7526.64
2006-06,Chennai,18K,447.58,356.27,242.91,20281.1,1643.93,3568.14
2005-04,Chennai,22K,413.13,333.08,227.6,18217.84,1517.35,3382.99
1993-07,Delhi,22K,339.18,284.04,225.96,10560.96,1246.22,1958.05
1979-06,Kolkata,24K,300.11,182.28,140.94,2444.65,1146.47,912.74
2011-09,Chennai,18K,1186.55,853.13,740.5,55479.18,4358.14,7662.38
1999-12,Mumbai,24K,268.38,251.84,165.8,11555.34,985.75,2221.73
2000-11,Mumbai,24K,279.48,303.15,184.59,12549.09,1026.51,2313.64
1985-04,London,22K,291.41,361.93,226.19,3570.19,1067.37,
1996-07,Dubai,22K,362.94,281.54,232.9,12839.36,1332.99,3017.62
2012-10,Dubai,22K,1567.34,1219.62,988.85,83653.46,5756.83,
1984-04,Mumbai,22K,339.25,400.5,253.72,3824.91,1245.68,871.36
2007-11,New York,24K,,505.31,345.98,28604.1,2546.04,5268.95
2018-02,Dubai,22K,1129.03,955.66,845.21,77131.18,4147.04,
1978-11,Chennai,24K,192.06,123.84,99.94,2464.18,1155.62,920.03
2016-08,Chennai,22K,1181.5,1066.88,875.96,79366.51,4339.65,7845.86
2009-12,Dubai,18K,735.06,526.92,469.59,35531.23,2699.8,5021.17
1981-11,Delhi,24K,453.43,356.32,224.14,3916.29,1669.56,
1988-12,Dubai,18K,332.48,267.99,186.94,4596.37,1220.73,1237.58
2007-11,Kolkata,18K,526.25,383.54,262.6,21711.06,1932.49,3999.24
2016-08,New York,18K,967.49,873.63,717.29,64990.17,3553.57,6424.68
2014-12,Dubai,24K,1254.41,943.81,760.88,76514.6,4607.48,
1988-01,London,22K,408.42,329.2,229.64,5646.24,1499.56,1520.26
2018-01,Dubai,22K,1152.94,975.89,863.1,78764.3,4234.84,7616.4
2013-04,Delhi,18K,1077.19,811.97,689.88,,3956.5,6628.35
2013-07,London,24K,1403.27,1057.77,898.71,81774.1,5154.19,8634.84
2001-06,Delhi,24K,258.88,289.27,179.81,12214.66,950.84,2142.73
1988-09,Kolkata,22K,403.95,325.6,227.12,5584.43,1483.14,1503.62
1983-11,Mumbai,18K,316.75,328.88,208.78,3192.77,1164.43,692.8
2002-03,Delhi,18K,234.08,247.91,155.81,11369.96,859.77,1937.47
2004-09,Delhi,24K,421.23,338.86,229.96,19069.7,1547.14,3486.36
2000-06,Delhi,18K,208.13,225.76,137.47,9345.51,764.46,1723.01
1995-02,Dubai,24K,379.72,288.65,240.6,12299.17,1394.68,3170.81
2017-03,Dubai,24K,1282.03,1136.11,995.38,83484.09,4708.84,8662.9
2020-10,Chennai,22K,1634.34,1430.65,1273.59,121172.42,6003.17,11272.62
2015-09,Kolkata,18K,852.73,768.37,557.91,54651.07,3132.08,5355.39
2015-05,Dubai,18K,878.31,,574.64,56289.94,3226.01,5515.99
2005-05,New York,24K,442.4,356.68,243.72,19508.62,1624.86,3622.68
1978-07,New York,24K,189.59,122.25,98.65,2432.51,1140.77,908.2
2021-09,New York,18K,1305.33,1103.58,948.93,96500.62,4794.66,8419.04
1982-12,Mumbai,18K,280.51,258.31,161.09,2656.07,1030.5,692.6
1979-08,New York,18K,224.69,136.48,105.52,1830.3,858.35,683.36
1980-11,London,24K,615.72,378.95,264.33,4841.37,2282.91,928.49
1984-12,Dubai,18K,269.02,317.58,201.19,3033.02,987.78,690.95
2008-08,Mumbai,24K,855.58,582.05,462.73,37057.95,3142.42,5950.33
2018-03,New York,22K,1115.66,944.34,835.2,76217.51,4097.91,7370.13
2001-04,Kolkata,18K,203.29,227.16,141.2,9591.92,746.68,1682.64
2002-09,New York,22K,287.22,304.19,191.19,13951.12,1054.95,2377.3
1984-09,Dubai,18K,276.02,325.84,206.42,3111.94,1013.48,708.93
2002-12,Mumbai,24K,312.57,331.03,208.06,15182.14,1148.04,2587.07
2018-01,New York,22K,1131.44,957.69,847.01,77295.31,4155.86,7474.36
2018-04,New York,22K,1150.36,973.71,861.17,78588.1,4225.37,7599.37
2002-02,London,18K,231.14,244.79,153.86,11227.05,848.97,1913.11
1986-05,Dubai,18K,278.22,265.74,189.94,3498.17,1022.53,
2020-05,Kolkata,18K,1331.26,1165.34,1037.4,98701.49,4889.9,9182.16
2001-09,New York,22K,248.58,277.77,172.66,11728.73,913.01,2057.48
1997-06,Mumbai,22K,305.96,270.12,186.91,,1123.7,2536.47
2014-10,Delhi,18K,954.25,717.97,578.81,58205.82,3504.98,5879.07
2001-04,Dubai,22K,249.11,278.36,173.03,11753.65,914.95,2061.86
2011-07,Chennai,18K,1189.89,855.53,742.59,55635.36,4370.41,7683.95
1998-09,New York,22K,267.3,240.21,161.3,11027.55,981.78,2212.97
2008-07,Delhi,22K,,544.93,433.22,34694.87,2942.04,5570.9
1980-04,London,18K,453.75,279.26,194.79,3567.79,1682.36,684.24
2006-05,London,18K,460.03,366.18,249.67,20845.44,1689.67,3667.43
1981-09,Dubai,22K,433.78,340.88,214.42,3746.56,1597.21,875.23
1997-02,Delhi,22K,304.8,269.09,186.19,11045.96,1119.42,2526.82
2007-05,Dubai,22K,638.65,465.46,318.69,26348.3,2345.25,4853.43
2004-09,Kolkata,24K,407.16,327.54,222.28,18432.87,1495.47,3369.93
1993-08,Chennai,24K,356.28,298.36,237.36,11093.38,1309.05,2056.77
2006-02,New York,24K,605.54,482.0,328.65,27439.01,2224.13,4827.46
2010-02,Dubai,18K,913.94,690.53,591.42,41779.88,3356.79,6182.25
1979-11,Delhi,18K,227.03,137.9,106.62,1849.4,867.31,690.49
1979-12,London,18K,224.12,136.13,105.26,1825.7,,681.64
2010-12,Chennai,18K,900.23,680.17,582.55,41153.07,3306.43,6089.5
1983-09,Chennai,18K,322.58,334.94,212.62,3251.52,1185.85,705.55
1997-08,Dubai,22K,307.09,271.11,187.59,11128.94,1127.83,2545.8
1978-01,Delhi,18K,145.69,93.95,,1869.27,876.63,697.91
1993-05,Kolkata,18K,270.29,226.35,180.07,8415.8,993.09,1560.33
2011-02,Dubai,24K,1602.13,1151.94,999.86,74910.54,5884.56,10346.1
1982-04,Chennai,24K,377.69,347.8,216.9,3576.24,1387.5,932.54
1988-08,Kolkata,24K,425.61,343.06,239.3,5883.9,1562.67,1584.25
1985-11,London,24K,319.53,396.86,248.02,3914.72,1170.37,933.16
1979-05,Delhi,22K,284.07,172.54,133.41,2314.0,1085.19,863.96
2003-12,Delhi,22K,324.75,287.13,198.62,15110.13,1192.78,2687.95
2004-08,Delhi,24K,403.59,324.67,220.33,18271.16,1482.36,3340.37
1990-11,Kolkata,18K,291.33,214.91,164.03,5087.12,1069.28,1387.77
1982-04,New York,22K,347.67,320.16,199.67,3292.03,1277.24,858.43
2001-01,Mumbai,24K,278.56,311.26,193.48,13143.12,1023.12,2305.6
2000-03,New York,18K,205.15,222.52,135.5,9211.44,753.49,1698.29
2007-08,London,18K,523.68,381.67,261.32,21605.03,1923.06,3979.71
1982-04,Kolkata,24K,373.52,343.96,214.51,3536.76,1372.19,922.25
2015-06,Dubai,24K,1157.38,1042.89,757.23,74175.91,4251.06,7268.68
1996-04,Mumbai,22K,352.77,273.66,226.38,12479.8,1295.67,2933.11
1992-01,Dubai,22K,312.43,230.15,177.63,8753.79,1147.19,1728.08
1992-04,New York,18K,253.19,186.51,143.95,7094.08,929.68,1400.44
2016-04,Dubai,18K,947.21,,702.26,63628.37,3479.11,6290.05
1999-03,Delhi,22K,248.69,233.37,153.64,10707.65,913.44,2058.75
1999-06,Dubai,22K,255.7,,157.97,11009.6,939.19,2116.8
2004-05,Kolkata,22K,378.69,304.64,206.74,17144.21,1390.92,3134.34
2015-03,Chennai,24K,1200.66,1081.88,785.55,76949.42,4410.02,7540.47
1979-08,New York,24K,306.74,186.31,144.06,2498.65,1171.79,932.9
2002-07,Dubai,22K,288.73,305.78,192.19,14024.31,1060.49,2389.77
2018-07,Mumbai,18K,958.4,811.22,717.47,65474.03,3520.28,6331.25
2009-03,Chennai,24K,973.46,697.81,621.9,47055.15,3575.43,6649.7
1997-03,Dubai,22K,,271.05,187.55,11126.18,1127.55,2545.17
2000-08,Mumbai,22K,258.47,280.36,170.71,11605.62,949.33,2139.7
2006-10,Mumbai,18K,,353.62,241.11,20130.66,1631.73,3541.67
2016-08,New York,18K,967.49,873.63,717.29,64990.17,3553.57,6424.68
2018-04,Dubai,24K,1254.61,1061.95,939.22,85710.08,4608.29,8288.05
1998-03,Delhi,22K,271.46,243.94,163.8,11198.91,997.04,2247.35
1979-10,Delhi,18K,230.63,140.09,108.31,1878.72,881.06,701.44
1998-10,Dubai,22K,267.42,240.31,161.37,11032.33,982.21,2213.92
1999-04,Dubai,22K,255.92,240.15,158.1,11018.79,939.98,2118.57
2020-11,Kolkata,22K,1581.67,1384.54,1232.54,117267.16,5809.69,10909.32
1998-01,New York,24K,297.77,267.59,179.68,12284.38,1093.68,2465.18
1991-02,Kolkata,22K,342.96,263.58,194.56,7787.54,1258.75,
2017-02,Kolkata,18K,950.44,842.26,737.92,61890.89,3490.9,6422.24
2017-11,Delhi,18K,965.29,855.42,749.46,62858.04,3545.45,6522.6
2007-09,New York,18K,509.61,371.41,254.3,21024.3,,3872.73
1991-02,Kolkata,22K,329.38,253.14,186.86,7479.22,1208.92,1752.48
2015-01,London,24K,1154.68,1040.45,755.46,74002.53,4241.13,7251.69
2006-07,Delhi,24K,595.47,473.98,,26982.37,2187.11,
1996-01,New York,22K,363.62,282.07,233.33,12863.34,1335.48,3023.25
2004-09,Delhi,22K,385.08,309.78,210.22,17433.32,1414.38,
2011-09,New York,22K,1416.37,1018.37,883.93,66224.77,5202.26,9146.49
1986-09,Kolkata,18K,276.87,264.45,189.02,3481.21,1017.57,957.7
1980-12,Delhi,18K,447.07,275.15,191.92,3515.24,1657.58,674.16
1978-01,New York,22K,174.45,112.49,90.77,2238.24,1049.67,835.67
1990-08,Dubai,24K,386.92,285.43,217.85,6756.34,1420.13,1843.13
1980-08,Delhi,18K,457.21,281.39,196.28,3594.96,1695.17,689.45
1997-10,Dubai,24K,330.64,291.91,201.98,11982.5,1214.33,2741.05
1979-02,Delhi,24K,299.65,182.0,140.73,2440.89,1144.7,911.33
2017-05,Dubai,22K,1191.98,1056.31,925.46,77619.96,,8054.4
2014-07,Delhi,22K,1160.05,872.81,703.64,70759.0,4260.9,7147.01
1993-02,Delhi,18K,268.27,224.66,178.72,8352.95,985.67,1548.68
2013-06,Delhi,18K,1081.92,815.54,692.91,63047.82,,6657.46
1998-10,Kolkata,18K,225.51,202.65,136.08,9303.37,828.28,1866.96
1985-08,Delhi,22K,292.21,,226.81,3579.97,1070.29,853.36
2010-05,Kolkata,24K,1199.84,906.54,776.44,54849.81,4406.88,8116.23
1997-02,New York,22K,297.43,262.59,181.69,10778.97,1092.36,2465.74
1993-12,Mumbai,18K,265.44,222.29,176.84,8264.99,975.29,1532.37
1990-01,Delhi,24K,398.1,293.67,224.15,6951.49,1461.15,1896.37
2015-08,Dubai,22K,1074.94,968.6,703.29,68891.97,3948.24,6750.9
2010-02,Mumbai,24K,1225.01,925.56,792.73,56000.5,4499.34,8286.5
2007-12,Kolkata,22K,628.1,457.77,313.43,25912.91,2306.5,4773.23
1998-02,Chennai,24K,288.22,259.0,173.92,11890.34,1058.6,2386.11
2003-05,Delhi,24K,360.96,319.14,220.77,16794.87,1325.77,2987.65
1999-12,Delhi,22K,257.09,241.25,158.83,11069.29,944.29,2128.28
2016-03,Chennai,22K,1156.6,1044.39,857.5,77693.81,4248.19,7680.51
1997-12,Chennai,18K,245.77,216.98,150.14,8906.89,902.64,2037.49
2006-04,Dubai,22K,557.16,443.49,302.39,25246.43,2046.41,4441.71
1992-05,Chennai,24K,352.13,259.4,200.2,9866.26,1292.98,1947.69
1998-05,Chennai,22K,264.75,237.92,159.76,10922.27,972.41,2191.84
1999-09,Dubai,22K,257.85,241.96,159.3,11101.86,947.06,
2013-08,Mumbai,22K,1294.35,,828.96,75427.13,4754.14,7964.64
1985-07,Delhi,22K,297.41,369.38,230.85,3643.7,1089.34,868.56
2021-06,New York,18K,1386.61,1172.3,1008.02,102509.42,5093.21,8943.27
2016-11,Kolkata,24K,1242.18,1121.67,920.95,83442.58,4562.52,8248.81
1988-04,Dubai,18K,319.14,257.24,179.44,4412.03,1171.77,1187.95
2000-08,Chennai,22K,257.3,279.1,169.95,11553.44,945.06,2130.08
2012-10,Dubai,22K,1567.34,1219.62,988.85,83653.46,5756.83,
2002-06,Chennai,18K,229.9,243.48,153.03,11166.79,844.41,1902.85
1983-10,London,22K,399.58,414.89,263.38,4027.69,1468.93,873.97
2017-02,Mumbai,24K,1225.15,1085.7,951.21,79779.66,4499.9,8278.5
1994-09,Mumbai,24K,387.44,322.1,252.95,12155.14,1408.41,3334.61
1994-05,New York,18K,290.1,241.17,189.4,9101.24,1054.56,2496.81
2001-07,Chennai,18K,201.68,225.36,140.08,9515.87,740.76,1669.3
1995-01,Dubai,22K,350.64,266.54,222.17,11357.09,1287.85,2927.94
2005-10,Dubai,22K,398.36,321.18,219.46,17566.66,1463.11,3262.07
2006-06,Dubai,18K,462.56,368.19,251.04,20959.78,1698.94,3687.54
1998-04,Dubai,18K,227.66,204.58,137.37,9391.99,836.17,1884.75
1998-05,Mumbai,22K,266.35,239.35,160.72,10988.09,978.27,2205.05
2004-05,New York,18K,305.71,245.93,166.89,13839.99,1122.85,2530.25
1978-04,Dubai,18K,149.36,96.31,77.72,1916.29,,715.47
2010-12,New York,22K,1129.89,853.69,731.17,51652.18,4149.97,7643.07
1994-06,Kolkata,24K,376.19,312.74,245.6,11802.01,1367.5,3237.74
2018-01,New York,22K,1135.98,961.53,850.41,77605.59,4172.54,7504.36
2001-04,Kolkata,18K,203.99,227.95,141.69,9625.03,749.25,1688.45
1995-03,Dubai,18K,288.65,219.42,182.9,9349.33,1060.18,2410.32
2016-10,Mumbai,22K,1153.6,1041.68,855.28,77491.93,4237.15,7660.55
2007-09,Dubai,18K,523.09,381.23,261.02,21580.41,1920.86,3975.17
2007-02,Dubai,18K,522.65,380.91,260.8,21562.32,1919.25,3971.84
1989-07,Delhi,18K,281.02,240.19,171.75,4537.34,1032.96,1058.42
1979-11,Chennai,18K,233.2,141.65,109.52,1899.64,890.87,709.25
2009-02,New York,18K,746.52,535.13,476.92,36085.25,2741.9,5099.47
1981-06,Mumbai,24K,456.23,358.53,225.52,3940.48,1679.88,920.53
2001-08,London,18K,209.55,234.16,145.55,9887.34,769.67,1734.46
1983-12,Delhi,18K,322.81,335.18,212.78,3253.91,1186.73,706.07
2004-02,Chennai,24K,406.45,326.97,221.89,18400.69,1492.86,3364.05
1996-07,Chennai,18K,296.08,229.68,189.99,10474.05,1087.43,2461.7
2006-08,Dubai,24K,610.63,486.05,331.41,27669.29,2242.79,4867.97
1988-09,Kolkata,24K,432.76,348.82,243.32,5982.67,1588.91,1610.85
1984-06,New York,24K,356.4,420.73,266.54,4018.17,1308.62,915.38
2006-12,Chennai,24K,602.2,479.34,326.83,27287.28,2211.83,4800.76
1986-01,London,24K,370.31,353.69,252.8,4655.94,1360.95,1280.88
2015-02,Mumbai,24K,1143.04,1029.96,747.84,73256.27,4198.36,7178.56
1983-02,Chennai,22K,391.02,406.0,257.73,3941.4,,855.25
1993-01,New York,24K,356.89,298.88,237.76,11112.39,1311.29,2060.29
1987-02,London,24K,452.79,371.46,276.51,5846.77,1665.7,1684.04
2015-08,Delhi,18K,847.83,763.96,554.7,54336.78,3114.07,5324.6
1986-06,Chennai,24K,364.39,348.04,248.76,,1339.2,1260.41
2018-11,Dubai,24K,1278.89,1082.5,957.39,87369.03,4697.48,8448.47
2015-01,Kolkata,22K,1020.55,919.59,667.71,65406.56,3748.49,6409.35
2020-11,Kolkata,22K,1581.67,1384.54,1232.54,117267.16,5809.69,10909.32
1999-10,Delhi,22K,253.43,237.82,156.57,10911.66,930.84,2097.97
2004-01,Kolkata,18K,314.71,253.17,,14247.52,1155.91,2604.76
1993-09,New York,24K,361.57,302.79,240.88,11258.09,1328.49,2087.3
1988-05,London,22K,384.98,310.31,216.46,5322.17,1413.49,1433.01
2018-09,Dubai,24K,1281.17,1084.43,959.09,87524.21,4705.83,8463.48
1985-07,Chennai,24K,316.15,392.66,245.39,3873.32,1157.99,923.29
2018-01,Mumbai,18K,924.6,782.62,692.17,63165.1,3396.14,6107.98
2012-09,London,24K,1692.31,,1067.7,90323.52,6215.85,10676.68
1994-10,Dubai,22K,348.59,289.8,227.59,10936.38,1267.19,3000.26
2005-11,Kolkata,22K,400.8,323.15,220.8,17674.29,1472.08,3282.06
2016-02,New York,24K,1248.39,1127.28,,83859.57,4585.32,8290.03
2015-11,Delhi,18K,862.95,777.58,564.59,55305.62,3169.6,5419.54
1993-05,Dubai,18K,274.41,229.8,182.81,8544.27,1008.25,1584.15
1994-09,Delhi,24K,376.32,312.85,245.69,11806.29,1367.99,3238.91
2018-08,Delhi,18K,953.61,807.17,713.88,65146.82,3502.68,6299.61
1978-03,Dubai,18K,143.75,92.69,74.8,1844.35,864.94,688.61
1987-06,Mumbai,18K,335.7,275.4,205.0,4334.84,1234.96,1248.56
1992-08,London,22K,311.39,229.39,177.04,8724.79,1143.39,1722.35
1998-08,London,22K,272.17,244.58,164.23,11228.28,999.65,2253.25
2004-11,Mumbai,18K,315.79,254.04,172.4,14296.47,1159.88,2613.71
1984-04,Mumbai,18K,272.03,321.13,203.44,3066.95,998.83,698.68
2015-09,New York,18K,877.83,790.99,574.33,56259.68,3224.27,5513.03
1994-08,Chennai,18K,284.49,236.5,185.73,8925.1,1034.15,2448.49
2006-08,Mumbai,18K,449.91,358.12,244.18,20386.6,1652.48,3586.7
2005-05,Delhi,22K,413.08,333.05,227.57,18215.76,1517.18,3382.6
1992-11,Delhi,18K,262.27,193.2,149.11,7348.41,963.01,1450.64
1992-02,Kolkata,24K,351.75,259.11,199.98,9855.38,1291.55,1945.54
1981-02,London,24K,459.02,360.72,226.9,3964.58,1690.15,926.16
2012-08,Delhi,22K,1526.52,1187.86,963.1,81474.87,5606.91,9630.72
2006-05,Dubai,18K,451.48,359.37,245.03,20457.84,1658.26,3599.23
1988-04,Delhi,18K,328.17,264.52,184.52,4536.86,1204.92,1221.56
2004-06,Delhi,18K,308.49,248.17,168.41,13965.94,1133.07,2553.28
1998-03,London,18K,,195.14,131.04,8958.63,797.59,1797.78
1993-03,Dubai,18K,280.16,234.62,186.64,8723.27,1029.37,1617.34
2012-01,Dubai,22K,1514.93,1178.84,955.79,80856.14,5564.33,9557.59
2017-06,Kolkata,24K,1263.52,1119.7,981.0,82278.18,4640.83,8537.77
1996-04,Delhi,24K,381.23,295.73,244.63,13486.29,1400.16,3169.66
1999-02,London,22K,253.8,238.17,156.8,10927.75,932.21,2101.06
1987-02,Chennai,22K,411.51,337.59,251.29,5313.67,,1530.49
2012-09,Mumbai,22K,1534.06,1193.73,967.86,81877.26,5634.6,9678.29
2020-09,Dubai,22K,1578.08,1381.41,1229.75,117001.32,5796.52,10884.59
1983-02,Delhi,24K,421.77,437.93,278.0,4251.37,1550.51,922.51
1991-09,London,24K,357.89,275.05,203.03,8126.59,1313.56,1904.17
1981-03,Mumbai,18K,343.56,269.98,169.83,2967.32,1265.0,693.19
1997-07,London,24K,330.6,291.87,201.95,11980.93,1214.17,2740.69
1986-12,New York,22K,338.31,323.13,230.96,4253.63,1243.35,1170.2
2004-04,Kolkata,18K,318.15,,173.69,14403.39,1168.56,2633.25
1999-04,Delhi,22K,256.23,240.44,158.3,11032.27,,2121.16
2019-03,Mumbai,18K,1069.41,,839.28,75339.34,3928.05,7398.32
1996-04,London,22K,352.48,273.43,226.19,12469.46,1294.59,2930.68
1996-05,New York,24K,399.26,309.72,256.21,14124.43,1466.41,3319.65
1979-06,Chennai,22K,,166.78,128.96,2236.77,1048.98,835.12
1996-03,Delhi,18K,287.6,223.1,184.55,10174.12,1056.29,2391.21
2020-06,New York,24K,1751.89,1533.55,1365.19,129887.41,6434.93,12083.38
2017-07,Dubai,22K,1155.59,1024.06,897.21,75250.22,4244.42,7808.5
2007-11,Kolkata,18K,526.25,383.54,262.6,21711.06,1932.49,3999.24
2016-04,Dubai,24K,1260.06,1137.81,934.21,84643.35,4628.18,8367.51
1987-09,Mumbai,22K,411.22,337.35,251.12,5309.97,1512.77,1529.43
2012-08,Kolkata,18K,1257.32,978.38,793.26,67106.82,4618.13,
1994-08,Mumbai,24K,384.45,319.61,251.0,12061.13,1397.52,3308.82
1981-04,London,18K,346.11,271.99,171.09,2989.4,1274.42,698.35
2012-07,Kolkata,24K,1636.65,1273.56,1032.59,87353.21,6011.44,10325.57
1988-02,New York,24K,447.84,360.98,251.8,6191.16,1644.28,1666.98
2019-03,Mumbai,18K,1069.41,,839.28,75339.34,3928.05,7398.32
2009-07,Dubai,22K,891.82,639.29,569.74,43108.87,3275.58,6092.02
1985-12,Dubai,24K,319.79,397.19,248.22,3917.93,1171.33,933.93
2000-06,Mumbai,24K,274.02,297.23,180.99,12303.96,1006.46,2268.45
2003-03,Kolkata,24K,374.03,330.7,228.76,17403.27,1373.8,3095.88
1980-12,London,24K,611.33,376.25,262.44,4806.86,2266.63,921.87
2006-07,Kolkata,22K,550.58,438.25,298.81,24948.27,2022.24,4389.25
1991-07,Kolkata,18K,278.01,213.66,157.71,6312.77,1020.38,1479.17
2009-09,Kolkata,22K,876.79,628.52,560.14,42382.37,3220.38,5989.36
1994-02,Dubai,24K,381.72,317.34,249.21,11975.46,1387.59,3285.32
1978-04,Kolkata,18K,151.5,97.69,78.83,1943.77,911.57,725.73
2016-11,Chennai,22K,1166.3,1053.15,864.69,78345.18,4283.8,7744.9
2006-08,Mumbai,18K,449.91,358.12,244.18,20386.6,1652.48,3586.7
2000-11,Dubai,24K,277.61,301.13,183.36,12465.44,1019.66,2298.22
1979-03,Chennai,24K,309.97,188.27,145.57,2524.98,1184.14,942.73
1979-09,New York,24K,302.16,183.53,141.91,,,918.99
2002-08,Dubai,22K,276.47,292.8,184.03,13428.79,1015.46,2288.3
2014-04,London,22K,1165.94,877.24,707.21,71118.07,4282.52,7183.27
1980-07,London,18K,454.15,279.51,194.97,3570.96,1683.86,684.85
2017-04,Delhi,22K,1131.53,1002.74,878.53,73683.69,4156.06,7645.94
1994-05,Dubai,22K,351.8,292.47,229.69,11037.06,1278.86,3027.88
2012-07,Kolkata,22K,,1173.7,951.62,80503.6,5540.06,9515.91
2009-01,Dubai,22K,881.5,631.9,563.15,42610.18,3237.69,6021.55
2004-05,Delhi,18K,308.13,247.88,168.21,13949.5,1131.73,2550.27
1997-01,Kolkata,24K,340.47,300.58,207.98,12338.7,1250.43,2822.53
1990-05,Delhi,24K,383.89,283.19,216.14,6703.31,1408.99,1828.67
1992-02,Chennai,18K,253.99,187.1,144.4,7116.4,932.61,1404.84
2004-05,Delhi,24K,408.85,328.9,223.2,18509.35,1501.68,3383.91
1994-07,Chennai,22K,350.36,291.27,228.74,10991.71,1273.61,3015.44
2015-11,London,22K,1073.3,967.12,702.22,68787.1,3942.23,6740.62
1998-03,Dubai,18K,223.11,200.5,134.63,9204.55,819.48,1847.13
2003-09,Chennai,18K,276.79,244.72,169.29,12878.71,1016.63,2291.0
1989-06,Dubai,22K,346.94,296.53,212.04,5601.66,1275.26,1306.69
2007-07,Delhi,18K,520.73,379.52,259.85,21483.3,1912.22,3957.28
2018-05,Dubai,18K,970.46,821.43,726.5,66297.97,3564.58,6410.93
1986-04,Chennai,22K,340.56,325.28,232.49,4281.94,1251.63,1177.99
2013-02,New York,22K,1304.32,983.18,835.34,76007.86,4790.74,8025.97
2008-07,Delhi,22K,792.22,538.95,428.47,34313.88,2909.73,5509.72
1980-10,New York,22K,565.04,347.76,242.57,4442.88,2095.0,852.07
2011-04,Mumbai,18K,1164.74,837.45,726.9,54459.65,4278.05,7521.57
2005-05,London,18K,342.54,276.17,188.71,,1258.09,2804.97
1978-09,New York,22K,180.07,116.11,93.7,2310.35,1083.48,862.59
1995-04,Mumbai,24K,378.39,287.63,239.76,12255.98,1389.78,3159.68
1981-09,Kolkata,22K,416.89,327.61,206.08,3600.73,1535.04,841.16
1994-10,Kolkata,24K,385.2,320.23,251.49,12084.66,1400.25,3315.28
1980-08,Kolkata,24K,633.11,389.65,271.79,4978.08,2347.37,954.71
2010-01,London,18K,915.27,691.53,592.29,41840.82,,6191.26
1979-03,Delhi,22K,279.3,169.64,131.17,2275.15,1066.97,849.45
2017-10,New York,18K,940.22,833.2,729.99,61225.61,3453.38,6353.2
2017-05,Kolkata,18K,940.5,833.45,730.21,61244.17,3454.42,6355.13
2018-11,London,22K,1150.51,973.83,861.28,78598.33,4225.92,7600.36
1980-09,Kolkata,22K,577.11,355.19,247.75,4537.79,2139.75,870.27
2007-06,Delhi,18K,,385.65,264.05,21830.62,1943.14,4021.26
2015-12,Delhi,22K,1078.32,971.65,705.5,69108.85,3960.67,6772.15
2007-02,Dubai,24K,699.42,509.75,349.02,28855.22,2568.39,
2016-01,Mumbai,24K,1262.68,,936.15,84819.77,4637.82,8384.95
2021-11,London,18K,1339.06,1132.1,973.45,98994.28,4918.56,8636.59
1978-06,New York,18K,141.4,91.18,73.57,1814.17,850.79,677.34
2006-09,Chennai,24K,597.29,475.43,324.17,27064.78,2193.8,
2016-10,Chennai,18K,959.53,866.44,711.4,64455.78,3524.35,6371.85
2009-03,Kolkata,22K,883.01,632.98,564.11,42682.91,3243.21,6031.83
2012-10,Delhi,22K,1551.62,1207.39,978.94,82814.78,5699.11,9789.11
2011-03,Dubai,18K,1187.5,853.81,741.1,55523.55,4361.63,7668.51
2008-08,New York,24K,855.86,,462.89,37070.31,3143.47,5952.32
1989-03,Delhi,18K,290.36,248.18,177.46,4688.2,1067.31,1093.61
2012-01,Chennai,22K,1485.8,1156.18,937.41,79301.67,5457.35,9373.84
2016-12,Delhi,24K,1253.52,1131.91,929.36,84204.11,4604.16,8324.09
1983-06,Chennai,18K,313.02,325.02,,3155.23,1150.74,684.66
2021-03,London,24K,1807.74,1528.34,1314.17,133642.71,6640.08,11659.44
2008-07,New York,24K,851.12,579.02,460.32,36865.11,,5919.37
1993-01,Chennai,18K,265.1,222.01,176.61,,974.04,1530.41
2006-11,New York,22K,540.28,430.06,293.23,24481.74,1984.42,4307.17
1984-04,Mumbai,24K,,432.92,274.25,4134.51,1346.51,941.89
2015-03,Chennai,18K,871.08,784.91,569.92,55827.0,3199.48,5470.63
1985-10,London,18K,238.04,295.65,184.77,2916.38,871.9,695.18
1999-04,Dubai,24K,272.36,255.58,168.26,11726.76,1000.37,2254.69
2011-12,Delhi,24K,1583.47,1138.51,988.21,74037.69,5816.0,10225.55
2003-11,Chennai,22K,321.78,284.5,196.81,14972.1,1181.88,2663.4
2011-09,New York,24K,1574.61,1132.15,982.69,73623.77,5783.48,10168.38
1991-07,Dubai,24K,359.13,276.0,203.73,8154.62,1318.09,1910.74
2002-11,Dubai,18K,230.24,243.84,153.26,11183.33,845.66,1905.66
1981-11,Kolkata,18K,351.11,275.91,173.56,3032.52,1292.8,708.43
2015-02,Dubai,18K,854.76,770.2,559.23,54780.8,3139.52,5368.11
1992-09,Kolkata,22K,304.99,224.67,173.4,8545.32,1119.87,
2008-07,Delhi,18K,667.34,453.99,360.93,28904.85,2451.06,4641.21
1998-02,Dubai,22K,271.98,244.41,164.12,11220.36,998.95,2251.66
1994-08,Kolkata,22K,353.1,293.55,230.53,11077.85,1283.59,3039.07
1983-08,Kolkata,22K,382.55,397.2,252.15,3856.0,1406.31,836.72
1987-11,Dubai,18K,329.67,270.46,201.32,4256.99,1212.78,1226.14
2016-04,London,24K,1243.77,1123.11,922.13,83549.51,4568.37,8259.38
1998-12,Chennai,18K,220.85,198.46,,9111.11,811.16,1828.38
2012-08,Delhi,22K,1526.52,1187.86,963.1,81474.87,5606.91,9630.72
2017-11,Kolkata,24K,1230.62,1090.55,955.46,80136.31,4520.02,8315.51
1998-10,Kolkata,24K,299.58,269.22,180.77,12359.13,1100.33,2480.18
1989-07,Chennai,22K,359.59,307.35,219.77,5805.96,1321.78,1354.35
2002-02,London,22K,284.56,301.37,189.42,13821.97,1045.19,2355.29
2001-06,London,18K,201.16,224.78,139.72,9491.27,738.84,1664.98
2013-01,London,22K,1304.32,983.18,,76007.99,4790.75,8025.98
1987-06,New York,24K,451.03,370.01,275.43,5824.06,1659.23,1677.5
1978-09,New York,18K,147.85,95.34,76.93,1896.93,,708.24
1993-07,Chennai,18K,270.15,226.23,179.97,8411.45,992.57,1559.52
2016-10,London,22K,1140.9,1030.22,845.86,76639.2,4190.52,7576.25
1988-10,New York,22K,404.65,,227.52,5594.15,1485.72,1506.24
1983-06,Mumbai,22K,385.51,400.29,254.11,3885.92,1417.22,843.21
2017-11,London,22K,1155.03,1023.57,896.77,75213.95,4242.37,7804.73
2021-05,New York,22K,1596.02,1349.35,1160.26,117990.94,5862.42,10293.93
2021-06,Chennai,18K,1383.44,1169.62,1005.72,102275.06,5081.57,8922.82
1989-01,Dubai,22K,347.88,297.34,212.62,5616.89,1278.73,1310.25
1985-06,Kolkata,22K,291.14,361.6,225.98,3566.91,1066.38,850.25
2008-02,Mumbai,24K,867.77,590.34,469.33,37586.22,3187.22,6035.16
2021-02,London,24K,1803.19,1524.49,1310.86,133306.4,6623.37,11630.1
2010-08,New York,22K,1134.78,857.38,734.33,51875.37,4167.9,7676.1
1992-02,Delhi,18K,259.32,191.03,147.43,7265.86,952.19,1434.35
2010-04,New York,22K,1112.97,840.91,720.22,50878.71,4087.83,7528.62
1989-05,Dubai,18K,284.73,243.36,174.02,,1046.61,1072.41
2011-06,Dubai,22K,1440.97,1036.06,899.28,67375.06,5292.62,9305.36
2005-12,New York,22K,410.8,331.21,226.31,18115.35,1508.81,3363.96
2018-07,London,24K,1281.68,1084.86,959.48,87559.23,4707.71,8466.86
1980-07,New York,24K,625.42,384.92,,4917.65,2318.87,943.12
2016-12,New York,24K,1239.12,1118.91,918.68,83237.13,4551.29,8228.5
2017-08,Chennai,24K,1273.77,1128.79,988.97,82946.19,4678.5,8607.09
1998-10,London,22K,266.35,239.35,160.72,10988.29,978.29,2205.09
1988-11,Dubai,22K,405.8,,228.16,5609.94,1489.91,1510.49
1998-03,Delhi,18K,218.39,196.26,131.78,9009.83,802.15,1808.06
1987-10,Kolkata,24K,443.32,363.69,270.72,5724.47,1630.85,1648.81
2006-11,London,22K,546.47,434.99,296.59,24762.31,2007.16,4356.54
1980-01,Kolkata,18K,469.78,289.13,201.67,3693.82,1741.79,708.41
1994-03,Dubai,22K,,282.88,222.16,10675.25,1236.94,2928.62
1983-06,Delhi,22K,,389.78,247.43,3783.9,1380.02,821.07
1987-11,Chennai,24K,447.65,,273.37,5780.41,1646.79,1664.93
2011-01,Chennai,18K,1186.17,852.86,740.27,55461.43,4356.75,7659.93
2010-09,Mumbai,24K,1237.14,934.72,800.57,56554.64,4543.86,8368.5
2016-10,Dubai,24K,1241.38,1120.95,920.36,83388.88,4559.58,8243.5
1996-06,New York,22K,355.89,276.07,228.38,,1307.1,2959.01
1986-03,Kolkata,22K,328.36,313.63,224.17,4128.59,1206.8,1135.8
1983-12,Kolkata,22K,394.81,409.94,260.24,3979.67,1451.42,863.55
2007-11,London,22K,615.21,,306.99,25381.16,2259.17,4675.28
2021-02,Dubai,22K,1706.59,1442.82,1240.63,126164.83,6268.54,11007.04
2013-12,Dubai,24K,1402.52,1057.21,898.24,81730.78,5151.46,8630.27
2015-04,Dubai,18K,869.54,783.52,568.91,55728.06,3193.81,5460.93
1981-04,Delhi,22K,414.74,325.92,205.01,3582.13,1527.11,
2020-12,Mumbai,24K,1762.51,1542.85,1373.47,130675.18,6473.95,12156.66
1981-07,Dubai,18K,335.6,263.73,165.89,2898.57,1235.7,677.13
2013-03,Delhi,18K,1049.91,791.41,672.41,61182.56,3856.31,6460.5
2000-09,Delhi,22K,256.52,278.25,169.43,11518.32,942.19,2123.6
1994-11,Delhi,18K,289.58,240.74,189.06,9084.82,1052.66,2492.31
2007-02,Delhi,24K,697.44,508.31,348.03,,2561.12,5300.17
1990-03,Mumbai,22K,353.4,260.7,198.98,6170.95,1297.09,1683.44
1992-06,Dubai,18K,256.93,189.27,146.08,7198.9,943.42,1421.13
1986-08,Kolkata,24K,374.28,357.49,255.52,4705.95,1375.57,1294.64
1983-06,Mumbai,22K,392.13,407.16,258.47,3952.65,1441.56,857.69
2013-12,Kolkata,24K,1363.67,1027.92,873.35,79466.44,5008.73,8391.17
1978-02,Kolkata,24K,194.38,125.34,101.15,2494.01,1169.61,931.17
1988-12,London,22K,401.58,323.69,225.79,5551.7,1474.45,1494.81
2019-07,Dubai,22K,1265.4,1131.17,993.1,89147.06,4647.95,8754.24
1983-12,Mumbai,24K,419.85,435.94,276.74,4232.03,1543.46,918.31
1996-02,Dubai,22K,353.91,274.54,227.1,12519.93,1299.83,2942.54
1991-06,Chennai,18K,269.63,207.22,152.96,6122.38,989.6,1434.56
2005-02,Dubai,24K,451.96,364.39,248.99,19930.37,1659.99,3701.0
2021-09,Dubai,22K,1644.61,1390.42,1195.58,121582.86,6040.88,10607.3
2016-09,Chennai,24K,1256.09,1134.23,931.27,84377.2,4613.62,8341.2
2009-07,Chennai,22K,893.75,640.67,570.97,43201.98,3282.65,6105.18
2009-12,Delhi,18K,720.19,516.26,460.1,34812.78,2645.21,4919.64
1998-04,New York,24K,288.83,259.55,174.28,11915.49,1060.84,2391.15
2020-05,New York,22K,1571.45,1375.6,1224.58,116509.73,5772.16,10838.86
2003-09,Dubai,22K,336.89,297.86,206.05,15675.01,1237.37,2788.44
1982-01,Delhi,24K,380.12,350.04,218.3,3599.26,1396.43,938.54
2018-04,Mumbai,22K,1126.69,953.67,843.45,76971.05,4138.43,7443.0
1998-02,Dubai,22K,267.5,240.39,161.42,11035.7,982.51,2214.6
2019-05,Delhi,24K,1396.55,1248.41,1096.03,98386.66,5129.69,9661.57
1988-10,New York,22K,397.42,320.34,223.45,5494.17,1459.17,1479.32
2014-05,Chennai,22K,1174.49,883.67,712.4,71639.64,4313.92,7235.96
1994-03,Kolkata,22K,357.69,297.36,233.53,11221.8,1300.27,3078.56
2001-03,London,24K,270.54,302.3,187.91,12764.7,993.66,2239.22
1982-08,Delhi,22K,353.53,325.55,203.03,3347.47,1298.75,872.89
2011-03,Dubai,22K,1453.51,1045.07,907.11,67961.23,5338.66,9386.31
1984-03,Chennai,22K,328.42,387.7,245.61,3702.73,1205.89,843.52
1992-04,Dubai,24K,343.63,,195.36,9627.89,1261.74,1900.63
2014-04,Chennai,22K,1152.4,867.05,699.0,70291.93,4232.77,7099.83
2004-10,Delhi,24K,410.42,330.17,224.06,,1507.46,3396.93
1982-06,Delhi,24K,376.84,347.02,216.42,3568.23,1384.4,930.45
1982-03,New York,22K,340.9,313.92,195.78,3227.91,1252.36,841.71
2005-09,Dubai,22K,403.19,325.07,222.12,17779.76,1480.86,3301.64
2000-10,Chennai,18K,212.07,230.03,,9522.25,778.91,1755.59
2001-07,London,24K,271.39,303.25,,12804.78,996.78,2246.25
2002-01,New York,18K,241.47,255.73,160.73,11728.83,886.91,1998.62
1990-01,London,24K,379.93,280.27,213.92,6634.21,1394.46,1809.81
2000-03,Chennai,22K,253.06,274.5,167.14,11362.97,,2094.96
2017-06,Chennai,18K,930.16,824.29,722.18,60570.5,3416.42,6285.22
2005-09,Delhi,24K,437.39,352.65,240.96,19287.73,1606.46,3581.67
2017-03,New York,18K,965.18,855.32,749.37,62851.11,3545.06,6521.88
1989-10,Chennai,24K,391.35,334.49,239.18,6318.76,1438.52,1473.97
1990-01,Delhi,24K,374.39,276.18,210.8,6537.44,1374.12,1783.41
2010-11,London,24K,1253.56,947.13,811.2,57305.4,4604.18,8479.59
1993-11,New York,24K,355.73,297.9,236.99,,1307.01,2053.57
2020-10,Kolkata,24K,1740.07,1523.21,1355.98,129011.61,6391.54,12001.9
1984-07,New York,22K,331.33,391.15,247.79,3735.61,1216.6,851.01
1997-07,Kolkata,18K,249.27,220.07,152.28,,915.5,2066.52
2014-02,Chennai,24K,1238.02,931.48,750.94,75514.84,4547.28,7627.37
2013-11,London,18K,1037.18,781.82,664.26,60440.86,3809.56,6382.18
2014-01,Chennai,22K,1166.03,877.31,707.27,71123.8,4282.86,7183.85
2001-10,London,22K,,283.1,175.98,11954.02,930.55,2097.01
2007-08,Kolkata,22K,627.65,457.44,313.2,25894.23,2304.84,4769.79
1983-03,Delhi,18K,319.87,332.12,210.84,3224.2,1175.89,699.62
1984-09,Kolkata,22K,328.94,388.32,246.0,3708.64,1207.82,844.87
1991-06,Chennai,22K,330.33,253.87,187.39,7500.68,1212.39,1757.51
2007-01,Dubai,24K,707.17,515.39,352.88,29174.77,2596.84,5374.07
1997-06,Chennai,22K,294.13,259.67,179.68,10659.33,1080.24,2438.37
2007-12,Chennai,18K,520.22,379.15,259.59,21462.24,1910.35,3953.4
2002-06,Kolkata,24K,305.97,324.04,203.66,14861.61,1123.8,2532.45
2014-01,Kolkata,24K,1292.33,972.34,783.88,78827.5,4746.76,7961.96
1982-01,Kolkata,24K,370.98,341.62,213.05,3512.74,1362.87,915.98
2011-10,Kolkata,22K,1446.77,1040.23,902.9,67646.31,5313.92,9342.82
1996-02,Kolkata,24K,393.31,305.11,252.39,13913.94,1444.56,3270.18
2002-11,Dubai,24K,308.32,326.53,205.23,14975.69,1132.43,2551.89
1987-10,London,22K,408.56,335.17,249.5,5275.67,1502.99,1519.55
1996-05,Dubai,22K,357.17,277.07,229.2,12635.31,1311.81,2969.66
2003-11,Chennai,22K,321.78,284.5,196.81,14972.1,1181.88,2663.4
1985-12,London,24K,322.62,400.69,250.41,3952.54,1181.68,942.18
1984-12,Mumbai,18K,267.61,315.92,200.14,3017.16,982.62,687.34
2010-11,Delhi,22K,1090.07,823.61,705.4,49831.77,4003.71,7373.7
2004-04,Delhi,18K,307.28,247.19,167.75,13910.93,1128.61,2543.22
1984-05,Delhi,22K,322.73,380.99,241.36,3638.6,1185.01,828.91
1987-11,Delhi,24K,442.85,363.3,270.43,5718.38,1629.12,
1989-09,Chennai,22K,350.09,299.23,,5652.59,1286.86,1318.57
2018-09,Dubai,22K,1169.6,989.99,875.57,79902.29,4296.03,7726.45
1992-09,New York,22K,320.85,236.36,182.42,8989.83,1178.12,1774.67
1981-07,Dubai,18K,335.6,263.73,165.89,2898.57,1235.7,677.13
1989-03,Dubai,22K,354.76,303.22,216.82,5727.99,1304.02,1336.16
