price,area,bedrooms,bathrooms,stories,mainroad,guestroom,basement,hotwaterheating,airconditioning,parking,prefarea,furnishingstatus
9234000,16084,3,2,3,yes,no,yes,yes,yes,1,no,furnished
8963000,14858,4,4,4,yes,no,no,yes,no,1,no,furnished
8890000,15719,2,1,3,yes,yes,no,no,yes,1,no,furnished
8664000,15195,4,1,2,yes,yes,yes,no,yes,1,yes,semi-furnished
8620000,14790,3,3,2,yes,yes,yes,no,yes,0,no,furnished
8523000,15457,3,1,3,yes,yes,yes,no,no,1,yes,furnished
8519000,16177,3,1,4,yes,no,yes,no,yes,0,no,furnished
8454000,15353,4,1,1,yes,no,yes,yes,yes,2,yes,unfurnished
8414000,16012,3,4,1,yes,no,yes,no,yes,2,no,semi-furnished
8402000,14771,3,4,1,yes,no,no,no,no,2,no,furnished
8351000,15309,3,1,2,yes,no,yes,no,yes,0,yes,semi-furnished
8338000,14356,4,2,4,yes,yes,yes,no,no,1,yes,unfurnished
8337000,14183,3,3,4,yes,yes,yes,no,no,0,no,furnished
8335000,15833,3,3,1,yes,no,no,no,no,1,no,furnished
8318000,15472,3,2,4,no,no,no,no,no,0,yes,semi-furnished
8307000,13078,4,2,2,yes,yes,no,no,no,2,yes,semi-furnished
8292000,16162,5,3,2,yes,no,no,no,no,3,no,semi-furnished
8290000,15569,5,1,4,yes,no,no,no,yes,3,no,semi-furnished
8198000,15153,4,1,3,yes,no,no,no,yes,1,no,semi-furnished
8161000,14390,5,2,2,yes,yes,yes,yes,yes,1,no,semi-furnished
8132000,15801,4,2,3,yes,yes,no,no,no,0,no,furnished
8129000,14733,4,2,4,yes,no,no,no,no,2,no,furnished
8127000,15621,3,2,2,yes,yes,no,no,yes,2,no,furnished
8110000,14621,5,1,2,yes,no,no,no,yes,1,yes,unfurnished
8101000,16023,5,1,1,yes,no,yes,no,yes,0,no,unfurnished
8089000,15121,3,1,3,yes,yes,yes,no,no,2,no,furnished
8087000,15200,2,3,2,yes,yes,no,no,yes,1,no,semi-furnished
8082000,16152,3,2,1,no,no,yes,no,no,2,no,semi-furnished
8071000,15068,3,1,2,yes,yes,yes,no,no,3,no,semi-furnished
8051000,12616,4,2,3,yes,no,yes,no,yes,1,no,furnished
8049000,15907,4,2,2,yes,no,yes,no,no,2,no,unfurnished
8025000,12761,2,4,4,yes,yes,no,no,no,2,yes,unfurnished
8021000,16047,2,1,3,yes,yes,no,no,yes,3,no,semi-furnished
8005000,15338,2,2,4,yes,no,yes,no,no,1,no,furnished
7991000,15527,4,1,3,no,yes,yes,no,no,0,yes,furnished
7991000,12616,4,1,2,yes,no,no,no,yes,2,yes,furnished
7973000,12625,4,4,2,yes,no,no,yes,no,0,yes,unfurnished
7969000,13316,4,4,3,yes,no,yes,no,yes,1,no,unfurnished
7945000,14338,2,3,4,yes,no,no,no,yes,0,no,unfurnished
7935000,15711,5,2,2,no,no,no,no,yes,0,no,furnished
7925000,14571,3,1,2,yes,yes,no,no,yes,3,yes,furnished
7923000,15893,3,1,1,yes,no,yes,no,yes,1,no,furnished
7922000,15150,6,1,2,yes,no,no,no,yes,2,no,semi-furnished
7915000,14425,2,2,4,yes,yes,no,no,no,0,no,semi-furnished
7902000,15822,3,1,1,yes,no,no,no,yes,1,no,furnished
7875000,14814,3,2,2,yes,yes,no,no,no,0,no,furnished
7869000,15078,3,2,3,yes,no,no,no,no,2,no,semi-furnished
7843000,15121,2,2,2,yes,yes,yes,no,no,1,no,semi-furnished
7842000,11923,4,3,3,yes,no,no,no,yes,0,yes,furnished
7836000,15636,4,3,1,yes,no,no,yes,no,2,no,furnished
7832000,15706,2,1,1,yes,no,yes,no,yes,1,yes,unfurnished
7830000,13303,4,4,1,yes,yes,no,no,no,1,no,semi-furnished
7825000,15740,4,2,4,yes,no,no,no,no,0,no,semi-furnished
7823000,14501,4,1,1,yes,no,yes,no,yes,0,yes,unfurnished
7818000,15857,3,1,1,yes,no,yes,no,yes,2,yes,semi-furnished
7811000,15581,4,1,3,yes,no,no,no,no,0,yes,furnished
7810000,15104,4,2,1,yes,no,no,no,yes,3,no,semi-furnished
7805000,12691,4,2,2,yes,yes,no,no,yes,2,yes,semi-furnished
7796000,16084,2,2,2,yes,no,no,no,no,1,no,furnished
7780000,14641,4,4,4,no,yes,yes,no,no,2,no,unfurnished
7762000,12056,3,2,1,yes,yes,no,no,yes,1,yes,furnished
7749000,14033,3,2,2,no,no,no,no,yes,1,no,furnished
7735000,13565,4,3,3,yes,no,no,no,yes,0,no,unfurnished
7733000,15067,3,1,3,yes,no,yes,no,yes,0,no,semi-furnished
7727000,13093,1,3,3,yes,no,yes,no,yes,0,no,furnished
7722000,15912,3,1,3,yes,no,yes,no,no,2,no,unfurnished
7719000,14327,5,1,2,yes,no,no,no,no,1,no,furnished
7713000,12598,5,3,3,yes,no,yes,no,yes,0,no,unfurnished
7706000,15725,3,1,2,yes,no,no,no,no,1,yes,furnished
7702000,12388,1,1,2,yes,no,no,no,yes,1,yes,furnished
7683000,13978,3,2,2,yes,no,yes,no,no,0,no,semi-furnished
7683000,15096,2,2,2,yes,no,no,no,no,0,yes,unfurnished
7673000,14818,4,3,3,yes,yes,no,no,no,1,no,unfurnished
7667000,14973,2,4,2,yes,no,no,no,yes,1,no,semi-furnished
7666000,15614,3,2,1,yes,yes,no,no,yes,0,no,furnished
7640000,14775,4,2,1,yes,no,yes,yes,no,2,no,furnished
7639000,13190,4,2,1,yes,no,yes,yes,yes,1,yes,semi-furnished
7638000,14434,2,1,3,no,no,no,no,yes,2,no,furnished
7638000,16136,3,2,1,yes,no,no,no,yes,3,no,semi-furnished
7627000,12571,3,1,4,yes,no,yes,no,yes,2,no,furnished
7613000,14685,2,2,3,yes,yes,no,no,no,0,no,furnished
7605000,13136,3,1,2,yes,yes,yes,no,yes,3,yes,furnished
7597000,13974,3,3,3,yes,no,no,no,yes,2,yes,semi-furnished
7597000,15573,2,1,1,yes,yes,no,no,no,2,no,furnished
7593000,12761,6,2,3,yes,no,no,no,yes,2,no,semi-furnished
7591000,14946,2,1,1,yes,no,yes,no,no,1,no,furnished
7591000,15234,4,1,3,yes,no,no,yes,no,0,no,furnished
7581000,13126,6,1,3,yes,yes,yes,no,no,0,yes,unfurnished
7577000,12835,4,3,3,yes,no,yes,no,yes,1,no,unfurnished
7575000,16139,4,1,1,yes,no,no,no,no,1,no,furnished
7570000,13899,3,1,3,yes,yes,yes,yes,no,0,yes,unfurnished
7565000,15346,4,2,2,yes,yes,no,no,no,0,no,unfurnished
7562000,14565,3,2,2,no,no,no,no,no,1,no,furnished
7557000,16073,4,2,1,yes,yes,no,no,yes,1,no,furnished
7556000,14753,3,3,2,yes,yes,no,no,no,0,no,unfurnished
7555000,13909,5,1,3,yes,no,yes,yes,yes,0,no,semi-furnished
7551000,15689,3,2,1,yes,no,no,no,no,1,yes,furnished
7533000,13585,3,3,2,yes,no,yes,no,yes,0,yes,semi-furnished
7531000,14118,3,3,3,yes,no,no,no,no,0,no,unfurnished
7530000,14969,4,2,2,yes,yes,no,no,no,1,no,semi-furnished
7529000,13487,5,1,1,yes,yes,yes,no,yes,1,no,furnished
7522000,12982,4,1,4,yes,yes,yes,no,yes,0,no,semi-furnished
7513000,12911,4,2,1,yes,no,no,yes,yes,0,no,furnished
7507000,16162,3,1,2,yes,no,no,no,yes,1,no,unfurnished
7505000,13614,5,1,2,yes,no,no,no,no,0,no,furnished
7497000,12350,6,3,2,yes,no,yes,no,no,0,yes,semi-furnished
7452000,15178,4,2,3,yes,no,no,no,no,0,yes,unfurnished
7434000,15572,3,2,1,yes,no,no,yes,yes,3,no,semi-furnished
7403000,15637,3,1,1,yes,no,no,no,yes,2,no,semi-furnished
7403000,13025,6,1,3,no,no,no,no,no,1,no,furnished
7402000,14895,3,1,2,yes,yes,no,no,no,0,yes,unfurnished
7399000,9825,4,4,2,yes,no,yes,no,yes,2,no,semi-furnished
7382000,13693,4,1,2,yes,no,yes,yes,no,2,no,furnished
7381000,11903,3,2,3,yes,no,no,no,no,0,yes,semi-furnished
7377000,12398,6,1,4,yes,no,yes,no,no,2,no,furnished
7375000,16191,4,2,4,yes,no,no,no,no,2,no,semi-furnished
7374000,15165,4,2,1,yes,no,yes,no,no,3,no,unfurnished
7369000,15453,4,1,1,yes,yes,no,no,no,0,no,semi-furnished
7368000,15067,4,1,3,yes,no,no,yes,no,2,no,unfurnished
7367000,12532,2,1,3,yes,yes,yes,no,yes,1,yes,semi-furnished
7360000,14766,3,1,3,yes,no,no,no,no,2,no,semi-furnished
7343000,14488,2,2,1,yes,no,no,no,yes,0,no,furnished
7338000,15354,2,1,3,no,no,no,no,no,0,no,unfurnished
7336000,14455,3,1,3,yes,no,no,no,yes,0,no,furnished
7329000,13932,3,2,2,no,no,yes,no,no,1,no,semi-furnished
7323000,14140,2,4,3,yes,yes,yes,no,no,0,no,unfurnished
7315000,13856,5,1,2,yes,no,yes,no,no,3,no,semi-furnished
7308000,16080,5,1,1,yes,no,no,no,no,0,no,semi-furnished
7302000,13286,5,1,2,yes,yes,no,no,no,3,no,furnished
7301000,13114,4,3,2,yes,yes,no,no,yes,0,no,furnished
7301000,15106,5,2,1,yes,no,yes,no,yes,0,no,semi-furnished
7293000,12841,4,2,2,yes,yes,no,no,yes,0,no,furnished
7287000,14393,3,1,3,yes,no,yes,no,no,1,no,semi-furnished
7275000,11907,3,3,1,yes,no,yes,no,yes,2,no,furnished
7267000,15493,2,1,1,no,no,yes,no,yes,0,no,furnished
7256000,13166,3,3,2,yes,no,yes,yes,yes,1,no,unfurnished
7251000,15129,4,2,2,yes,no,no,no,no,2,no,furnished
7243000,14407,4,2,3,yes,no,yes,no,no,2,no,furnished
7233000,13765,4,2,2,yes,no,yes,no,no,0,no,semi-furnished
7230000,13424,6,1,1,yes,no,yes,no,yes,0,no,semi-furnished
7201000,13388,6,1,1,yes,yes,yes,no,no,2,no,semi-furnished
7197000,12994,5,1,3,yes,no,no,no,no,1,no,semi-furnished
7193000,15110,3,1,1,yes,yes,no,no,no,0,no,furnished
7186000,14311,3,1,4,yes,no,yes,no,no,0,yes,unfurnished
7185000,13444,3,1,3,no,yes,no,no,no,2,yes,furnished
7177000,12775,1,4,4,yes,yes,yes,no,no,0,no,furnished
7153000,13578,4,2,2,yes,yes,no,no,yes,2,no,semi-furnished
7153000,9642,6,2,1,yes,yes,yes,no,no,3,no,furnished
7118000,12901,4,2,3,no,no,no,no,no,1,no,furnished
7116000,13033,3,2,1,yes,no,yes,no,yes,1,no,semi-furnished
7112000,11912,3,2,2,yes,yes,yes,no,no,1,no,semi-furnished
7111000,15620,2,3,1,yes,no,no,no,no,2,no,furnished
7108000,14390,1,1,2,yes,no,no,yes,no,0,no,semi-furnished
7108000,14596,3,2,1,yes,no,no,no,no,0,no,furnished
7107000,14586,3,1,2,yes,yes,no,no,no,2,no,semi-furnished
7093000,11994,3,1,3,yes,no,yes,no,no,1,yes,semi-furnished
7085000,12650,5,1,2,yes,no,yes,no,yes,0,yes,semi-furnished
7080000,10646,3,1,1,yes,no,no,yes,yes,0,yes,furnished
7078000,15748,6,1,1,yes,no,yes,no,no,1,no,unfurnished
7074000,13485,4,2,1,yes,no,no,no,no,1,yes,furnished
7067000,14440,2,1,3,yes,yes,no,no,no,0,no,furnished
7064000,14622,4,1,2,yes,no,no,no,no,0,no,semi-furnished
7061000,11823,3,1,4,yes,no,yes,no,yes,1,no,semi-furnished
7039000,11599,3,2,4,no,no,yes,no,yes,0,yes,furnished
7021000,14206,4,1,1,yes,no,yes,no,yes,2,no,unfurnished
7018000,12277,3,2,3,yes,no,yes,no,no,1,no,semi-furnished
7017000,13097,1,1,3,yes,no,yes,no,yes,0,yes,furnished
7014000,11669,3,1,2,yes,yes,no,no,yes,1,yes,furnished
7011000,10737,2,1,2,yes,no,yes,no,yes,1,yes,semi-furnished
6998000,14717,3,2,3,yes,yes,no,no,no,0,no,unfurnished
6995000,14027,2,1,3,yes,no,yes,no,no,2,no,furnished
6990000,12205,2,1,2,yes,no,no,no,no,1,yes,furnished
6989000,12142,5,1,1,yes,no,no,no,yes,0,yes,semi-furnished
6989000,13835,3,1,2,yes,no,yes,no,no,0,no,unfurnished
6987000,15422,3,1,2,yes,yes,yes,no,no,0,no,furnished
6986000,12168,4,1,3,yes,no,no,no,yes,0,no,semi-furnished
6964000,13103,2,1,2,no,no,yes,no,yes,0,yes,unfurnished
6960000,11369,3,2,4,yes,no,no,no,no,0,yes,semi-furnished
6957000,15423,1,1,1,yes,no,no,no,yes,1,yes,unfurnished
6952000,13871,3,1,2,yes,no,yes,no,no,2,no,semi-furnished
6949000,15015,3,1,1,yes,no,yes,no,no,2,no,semi-furnished
6940000,13239,2,1,2,yes,no,no,no,no,1,yes,unfurnished
6939000,14524,1,1,3,yes,yes,no,yes,no,0,yes,semi-furnished
6936000,13184,3,2,2,yes,no,no,no,yes,3,no,semi-furnished
6928000,15250,2,1,1,yes,no,yes,no,no,0,no,semi-furnished
6926000,12730,1,1,2,yes,no,no,no,yes,2,yes,semi-furnished
6916000,14335,4,2,2,yes,no,yes,no,no,0,no,unfurnished
6915000,11524,3,1,3,yes,no,yes,no,no,1,no,semi-furnished
6908000,15458,2,2,1,yes,no,no,no,no,1,no,furnished
6898000,13354,2,1,4,yes,yes,no,no,no,0,no,unfurnished
6894000,12658,4,2,2,yes,no,yes,no,no,1,no,semi-furnished
6885000,11698,1,1,3,yes,no,yes,no,no,2,no,semi-furnished
6873000,15057,2,1,2,yes,yes,no,yes,yes,1,no,semi-furnished
6873000,15053,2,1,2,yes,yes,no,no,yes,2,no,unfurnished
6867000,12798,2,1,2,yes,yes,yes,no,yes,2,no,unfurnished
6861000,16006,3,1,1,no,no,yes,no,no,2,no,unfurnished
6859000,12517,3,1,3,yes,yes,yes,yes,yes,0,yes,furnished
6851000,14834,2,1,3,yes,no,yes,no,no,0,yes,unfurnished
6848000,15176,3,1,2,no,no,no,yes,yes,0,no,furnished
6847000,13726,4,2,4,yes,no,no,no,no,0,no,semi-furnished
6845000,12379,2,1,4,yes,no,no,no,yes,2,no,semi-furnished
6836000,12286,4,1,3,yes,yes,no,no,no,1,no,furnished
6836000,14316,4,1,3,no,no,no,no,no,1,no,furnished
6832000,12502,4,1,2,yes,yes,yes,no,no,1,no,semi-furnished
6825000,12946,4,2,4,yes,yes,no,no,no,1,no,unfurnished
6823000,13588,3,2,3,yes,no,yes,no,yes,2,no,semi-furnished
6815000,15841,3,1,1,yes,no,no,no,yes,0,no,furnished
6805000,13144,2,3,2,no,no,yes,no,no,1,no,furnished
6802000,10334,3,1,2,no,no,yes,yes,yes,0,yes,unfurnished
6788000,12653,2,1,2,yes,no,yes,no,no,2,yes,furnished
6788000,14425,3,2,2,no,no,no,no,no,1,yes,unfurnished
6784000,13833,4,2,1,yes,yes,yes,no,yes,0,no,furnished
6783000,14989,2,1,1,yes,no,no,no,no,1,no,unfurnished
6780000,10857,2,3,1,yes,no,yes,no,no,3,yes,furnished
6778000,13887,2,1,2,yes,no,yes,no,yes,1,no,unfurnished
6778000,10712,3,1,3,yes,no,no,no,yes,0,yes,semi-furnished
6770000,15642,2,1,2,no,no,no,no,no,0,no,semi-furnished
6761000,11898,2,2,1,yes,no,no,no,yes,3,yes,furnished
6759000,12909,2,2,2,yes,no,no,no,yes,1,no,semi-furnished
6758000,10517,5,1,2,yes,no,yes,no,yes,1,no,semi-furnished
6757000,13064,4,2,3,no,no,no,no,no,2,yes,unfurnished
6751000,12962,5,1,2,yes,yes,no,no,yes,1,no,unfurnished
6744000,10987,6,1,4,yes,yes,no,no,yes,0,no,unfurnished
6737000,13794,4,1,2,yes,yes,no,yes,no,2,yes,unfurnished
6733000,12621,4,4,2,no,no,yes,no,no,1,no,semi-furnished
6729000,14640,4,2,2,yes,no,no,no,no,2,no,unfurnished
6726000,13811,5,1,1,yes,yes,no,no,no,1,no,semi-furnished
6687000,12978,3,2,2,yes,no,no,no,no,2,no,unfurnished
6687000,9876,2,4,2,yes,yes,no,no,yes,1,no,furnished
6680000,12824,1,3,3,yes,no,yes,no,yes,1,no,unfurnished
6678000,10858,3,2,2,yes,yes,yes,no,yes,0,no,semi-furnished
6650000,9958,4,2,3,yes,no,no,no,yes,1,no,furnished
6629000,13479,3,1,2,yes,no,yes,no,yes,0,no,semi-furnished
6620000,14910,3,1,2,yes,yes,no,no,no,1,no,unfurnished
6616000,7669,5,2,4,yes,yes,yes,no,yes,3,no,unfurnished
6613000,12619,3,1,3,yes,no,no,no,no,2,no,unfurnished
6612000,12988,2,1,3,yes,no,yes,no,yes,0,no,semi-furnished
6608000,13017,4,1,3,yes,no,no,no,no,0,no,furnished
6608000,12673,2,1,2,yes,no,no,no,yes,1,no,furnished
6603000,14413,4,2,1,yes,no,no,no,no,0,no,semi-furnished
6601000,13689,2,2,2,yes,no,no,no,no,3,no,furnished
6595000,12780,2,1,2,yes,no,yes,no,yes,0,yes,semi-furnished
6591000,10998,3,3,1,yes,no,no,no,yes,0,no,unfurnished
6591000,13013,3,1,1,yes,no,no,no,yes,1,yes,unfurnished
6589000,10341,3,2,2,yes,no,no,yes,no,2,no,furnished
6587000,11124,3,3,2,yes,yes,yes,no,no,0,no,unfurnished
6587000,13619,4,1,1,yes,no,yes,no,no,2,no,unfurnished
6586000,11522,3,2,2,yes,yes,no,no,yes,1,no,furnished
6576000,10042,2,4,1,yes,no,no,no,yes,2,no,furnished
6566000,15090,4,1,1,yes,no,yes,no,no,0,no,unfurnished
6552000,10813,3,2,4,yes,yes,yes,no,yes,0,no,semi-furnished
6551000,11797,4,1,1,yes,yes,no,yes,yes,0,no,unfurnished
6539000,12297,3,1,2,yes,no,yes,no,yes,1,no,unfurnished
6539000,14934,2,1,1,yes,no,no,no,no,0,no,furnished
6537000,12960,4,2,2,yes,yes,no,no,no,0,no,semi-furnished
6535000,14027,4,2,1,yes,no,no,no,no,1,no,unfurnished
6532000,13561,3,1,2,yes,no,no,no,no,1,no,unfurnished
6527000,9566,3,1,2,yes,no,no,no,yes,2,no,semi-furnished
6523000,13939,2,2,1,yes,no,no,no,no,1,no,semi-furnished
6517000,13044,3,1,1,no,no,no,no,yes,1,yes,unfurnished
6515000,12902,3,1,2,yes,no,yes,no,no,0,no,semi-furnished
6510000,10437,2,4,1,no,yes,no,no,yes,1,yes,furnished
6504000,12455,1,1,1,yes,yes,yes,no,no,3,no,unfurnished
6502000,12738,5,1,3,no,no,yes,no,no,1,no,furnished
6499000,13307,2,2,1,yes,yes,no,no,no,2,no,semi-furnished
6496000,13299,4,1,2,yes,yes,yes,no,no,0,no,semi-furnished
6494000,8672,3,4,2,yes,no,yes,no,no,0,yes,furnished
6489000,8676,5,2,4,yes,yes,no,no,no,1,no,unfurnished
6483000,12615,3,1,2,yes,no,yes,no,no,2,no,semi-furnished
6482000,13282,3,1,1,yes,yes,no,no,yes,1,no,unfurnished
6476000,13572,3,1,1,no,yes,no,no,yes,0,no,semi-furnished
6475000,9510,3,2,4,yes,yes,no,no,no,1,yes,furnished
6474000,15599,2,2,2,no,no,yes,no,no,0,no,unfurnished
6461000,13957,3,1,3,yes,yes,no,no,no,0,no,semi-furnished
6458000,8451,4,4,2,yes,no,no,no,no,3,yes,semi-furnished
6444000,9541,4,1,2,yes,yes,no,no,yes,2,yes,furnished
6444000,9972,3,3,2,yes,yes,no,no,yes,0,no,unfurnished
6432000,9455,2,4,2,yes,no,yes,no,no,1,yes,unfurnished
6424000,14127,3,2,2,yes,no,no,no,no,0,no,unfurnished
6411000,11510,4,1,2,yes,no,no,no,yes,0,yes,unfurnished
6410000,10366,3,1,1,yes,yes,no,yes,no,1,no,semi-furnished
6405000,11205,4,1,1,yes,no,yes,no,no,2,yes,semi-furnished
6393000,12543,1,1,1,yes,no,yes,no,no,2,no,furnished
6387000,13959,4,1,1,yes,no,no,no,no,1,no,unfurnished
6382000,11661,6,1,2,yes,no,no,no,no,1,no,semi-furnished
6379000,11142,4,2,2,yes,no,no,no,no,1,no,semi-furnished
6378000,10608,3,1,1,yes,yes,yes,no,no,2,no,semi-furnished
6376000,8426,3,4,4,yes,no,yes,no,no,1,no,unfurnished
6369000,10551,4,1,3,yes,no,yes,no,no,0,yes,furnished
6367000,11211,4,1,1,yes,yes,yes,no,yes,0,yes,unfurnished
6366000,12407,3,3,1,yes,no,yes,no,yes,1,no,semi-furnished
6351000,13364,3,1,2,no,no,no,no,yes,1,no,furnished
6342000,10330,3,1,2,yes,no,yes,no,yes,2,no,unfurnished
6338000,12467,2,2,2,no,yes,yes,no,no,3,no,semi-furnished
6333000,8790,2,2,4,yes,yes,no,no,no,2,yes,unfurnished
6332000,13976,2,1,3,no,no,no,no,no,1,no,furnished
6330000,10657,2,3,4,yes,no,yes,no,yes,0,no,unfurnished
6320000,14563,3,2,1,yes,no,no,no,no,0,no,furnished
6308000,8903,2,2,3,yes,yes,no,yes,yes,2,no,unfurnished
6306000,11410,4,1,2,yes,yes,no,no,yes,2,no,unfurnished
6304000,10989,3,2,4,yes,no,yes,no,no,1,yes,unfurnished
6299000,13211,2,1,2,no,yes,yes,yes,no,3,no,semi-furnished
6295000,7847,5,2,3,yes,no,no,no,yes,2,no,furnished
6295000,11529,3,1,4,no,yes,no,no,no,1,no,semi-furnished
6289000,12929,2,1,3,yes,no,yes,no,yes,3,no,unfurnished
6277000,10179,4,2,3,yes,no,no,yes,no,1,no,furnished
6276000,11238,6,1,2,yes,yes,no,no,no,0,no,semi-furnished
6267000,12327,4,4,1,no,no,yes,no,yes,1,no,unfurnished
6266000,12136,4,1,1,yes,yes,no,no,no,1,no,furnished
6263000,10639,3,3,1,yes,no,no,no,yes,2,yes,semi-furnished
6260000,8599,3,1,1,yes,yes,yes,no,yes,3,no,furnished
6260000,11824,1,1,3,yes,no,no,no,yes,0,no,furnished
6257000,11205,3,1,3,yes,no,no,no,no,3,no,semi-furnished
6255000,13198,3,1,3,no,no,no,no,no,0,yes,furnished
6252000,13061,4,1,2,yes,no,no,no,yes,0,no,semi-furnished
6245000,10405,2,1,1,yes,no,yes,yes,yes,0,no,furnished
6237000,11467,3,2,1,yes,no,no,no,yes,0,no,semi-furnished
6236000,9589,3,2,3,yes,no,no,yes,yes,1,no,semi-furnished
6234000,9226,3,1,3,no,yes,no,yes,yes,0,no,furnished
6233000,10177,4,2,1,yes,yes,yes,no,yes,1,yes,unfurnished
6228000,9656,4,1,2,yes,no,yes,no,yes,1,no,unfurnished
6227000,11085,3,3,2,yes,no,no,no,no,1,no,semi-furnished
6221000,12801,2,2,2,yes,no,no,no,no,0,no,furnished
6219000,10736,3,1,3,yes,no,no,no,no,2,yes,semi-furnished
6209000,11190,4,1,3,yes,no,no,no,yes,0,yes,semi-furnished
6207000,11358,2,2,2,no,no,no,no,yes,1,no,furnished
6204000,8560,4,2,2,yes,no,no,no,yes,0,yes,semi-furnished
6193000,9301,5,2,3,yes,no,no,no,no,2,yes,furnished
6171000,5962,6,4,2,yes,yes,yes,no,no,2,yes,semi-furnished
6171000,11838,3,1,1,yes,yes,no,no,no,2,no,semi-furnished
6169000,11524,4,1,2,yes,no,no,no,yes,0,no,unfurnished
6144000,11773,3,1,4,yes,yes,no,no,no,1,yes,semi-furnished
6137000,11564,3,1,3,yes,yes,yes,no,yes,0,no,unfurnished
6136000,13340,1,1,2,yes,no,no,no,no,2,no,furnished
6133000,13076,2,1,2,yes,no,yes,no,yes,0,no,furnished
6125000,12746,1,1,1,yes,no,yes,no,yes,0,no,semi-furnished
6124000,9456,4,2,1,yes,yes,no,no,no,2,yes,furnished
6120000,10923,3,2,1,yes,yes,no,no,no,3,no,semi-furnished
6116000,13988,3,1,2,yes,no,yes,no,no,0,no,unfurnished
6111000,9144,4,2,2,yes,yes,no,no,no,0,no,unfurnished
6107000,10833,4,1,3,yes,no,no,no,no,1,no,semi-furnished
6102000,10488,3,1,3,yes,no,yes,no,yes,1,no,furnished
6091000,11473,4,1,2,yes,yes,no,no,yes,1,no,semi-furnished
6083000,11636,3,2,3,yes,no,no,no,no,1,no,semi-furnished
6082000,11008,3,1,2,yes,no,no,no,no,2,yes,furnished
6077000,13156,3,1,1,no,no,yes,no,no,1,no,furnished
6065000,10465,4,2,3,yes,no,yes,no,no,0,no,unfurnished
6056000,10574,3,2,2,no,no,yes,no,no,3,no,unfurnished
6050000,13143,3,1,1,yes,no,no,no,no,0,yes,semi-furnished
6047000,9042,3,2,3,yes,no,no,no,no,0,yes,furnished
6044000,9646,3,2,2,yes,no,no,no,yes,1,no,furnished
6038000,13517,4,1,2,yes,no,no,no,no,0,no,semi-furnished
6037000,12458,3,3,2,yes,no,no,no,no,0,no,unfurnished
6032000,9225,2,2,2,yes,yes,yes,no,yes,3,yes,semi-furnished
6030000,8267,1,2,2,no,no,yes,no,yes,1,yes,semi-furnished
6023000,8266,4,2,3,yes,no,no,no,yes,0,no,furnished
6021000,8856,3,1,4,yes,no,yes,no,no,1,yes,furnished
6011000,11312,3,1,1,yes,no,no,no,no,1,yes,semi-furnished
6008000,11880,4,1,1,yes,yes,no,yes,no,0,no,unfurnished
6006000,8386,6,4,1,yes,no,no,no,yes,3,no,furnished
5995000,9373,2,2,2,yes,no,yes,no,yes,1,no,furnished
5993000,8752,3,1,3,yes,no,no,no,no,1,yes,semi-furnished
5993000,8250,3,1,1,yes,yes,no,no,no,2,yes,furnished
5991000,9508,4,2,3,yes,no,no,yes,no,1,no,unfurnished
5977000,11342,2,1,1,no,yes,yes,no,yes,1,no,unfurnished
5969000,9780,3,2,3,no,no,no,no,yes,0,no,furnished
5966000,8588,5,1,2,yes,yes,yes,no,no,3,no,semi-furnished
5963000,13973,1,1,2,yes,no,no,no,no,3,no,unfurnished
5958000,12934,2,2,2,yes,no,no,no,no,0,no,semi-furnished
5956000,8359,4,2,1,yes,yes,no,no,yes,1,no,semi-furnished
5954000,9384,4,1,4,no,yes,no,no,no,0,yes,furnished
5952000,11085,2,1,3,yes,yes,yes,no,yes,0,yes,semi-furnished
5952000,8993,4,4,1,yes,no,yes,no,no,1,no,furnished
5946000,13640,3,1,1,no,no,no,no,no,1,no,semi-furnished
5938000,10555,3,1,3,yes,yes,yes,no,no,2,no,furnished
5933000,11226,3,1,2,no,yes,yes,yes,yes,1,no,semi-furnished
5931000,9985,5,2,2,no,no,no,no,no,1,yes,semi-furnished
5929000,12566,3,1,2,yes,yes,no,no,no,1,no,semi-furnished
5918000,6485,5,1,4,yes,no,no,no,yes,3,yes,semi-furnished
5918000,11666,3,1,1,yes,no,yes,no,yes,1,yes,unfurnished
5899000,11412,4,1,1,yes,no,yes,no,yes,2,no,semi-furnished
5899000,6560,4,2,2,yes,yes,yes,yes,yes,1,yes,unfurnished
5891000,11085,5,1,3,yes,no,no,no,no,2,no,semi-furnished
5886000,7834,2,3,3,yes,yes,no,no,no,1,yes,semi-furnished
5880000,9333,2,1,3,yes,no,yes,no,yes,1,no,unfurnished
5879000,11883,2,2,2,yes,no,no,no,yes,0,no,unfurnished
5871000,8315,4,1,4,no,no,yes,no,no,1,no,semi-furnished
5870000,11575,5,1,2,yes,no,no,yes,no,1,no,semi-furnished
5857000,11320,3,1,2,no,no,yes,no,yes,0,no,semi-furnished
5857000,8469,1,2,4,yes,yes,no,no,yes,2,yes,unfurnished
5850000,8920,3,1,2,yes,no,yes,no,no,2,no,semi-furnished
5848000,9205,2,2,4,yes,yes,no,no,no,1,no,semi-furnished
5847000,8836,4,2,2,yes,yes,yes,no,no,2,no,unfurnished
5843000,13633,3,1,1,yes,no,no,no,no,1,no,furnished
5809000,9956,2,3,1,no,yes,no,no,yes,0,no,unfurnished
5797000,9499,3,1,3,yes,yes,no,no,no,2,no,semi-furnished
5793000,8677,2,1,2,yes,no,no,yes,yes,2,no,furnished
5786000,10617,3,1,2,no,no,yes,no,no,1,no,furnished
5784000,8962,3,1,3,yes,no,no,yes,no,1,yes,semi-furnished
5784000,11823,3,1,2,no,yes,yes,no,no,1,no,furnished
5774000,8594,4,1,2,yes,no,no,no,yes,0,no,semi-furnished
5772000,12107,5,2,2,yes,yes,no,no,no,0,no,semi-furnished
5754000,11092,2,1,1,yes,yes,no,no,yes,0,yes,semi-furnished
5743000,9804,2,3,2,yes,no,no,no,yes,3,no,unfurnished
5729000,11557,2,2,2,yes,no,yes,no,no,0,no,unfurnished
5727000,11230,3,1,3,yes,no,yes,yes,no,0,no,unfurnished
5721000,10997,3,2,2,yes,yes,no,no,no,0,no,semi-furnished
5718000,11117,3,1,2,yes,no,no,no,yes,2,no,semi-furnished
5717000,6496,4,2,2,yes,no,yes,no,no,2,no,furnished
5717000,9329,2,1,3,yes,yes,yes,no,no,0,yes,furnished
5713000,9193,3,1,2,yes,no,no,no,no,1,no,semi-furnished
5705000,12079,4,1,1,yes,no,no,no,no,0,no,semi-furnished
5700000,14866,3,1,1,yes,yes,no,no,no,0,no,unfurnished
5687000,11477,2,1,3,yes,no,no,no,no,0,no,semi-furnished
5686000,8889,3,1,4,yes,no,no,no,yes,0,no,semi-furnished
5684000,7752,4,1,3,yes,no,yes,no,no,1,no,semi-furnished
5677000,10442,4,2,3,no,yes,no,no,no,0,yes,unfurnished
5675000,9364,4,2,1,yes,no,no,yes,yes,0,no,unfurnished
5650000,7528,3,3,3,yes,no,yes,no,no,1,no,semi-furnished
5645000,8543,3,1,3,yes,no,no,no,no,1,no,furnished
5644000,8775,2,1,1,yes,yes,yes,no,yes,0,no,semi-furnished
5644000,8456,6,1,3,yes,yes,yes,no,no,0,no,semi-furnished
5644000,11648,3,1,2,no,no,no,no,no,1,no,unfurnished
5643000,6887,1,4,1,yes,yes,no,no,yes,3,no,semi-furnished
5641000,9961,3,1,2,yes,yes,yes,no,no,2,no,semi-furnished
5638000,10199,4,1,2,yes,no,yes,no,yes,2,no,furnished
5638000,9371,4,1,1,no,no,no,yes,no,3,no,furnished
5637000,9058,4,1,2,yes,no,yes,no,no,1,no,semi-furnished
5628000,10450,3,1,1,yes,no,yes,no,no,0,no,furnished
5621000,10924,3,1,3,yes,no,yes,no,no,0,yes,furnished
5617000,7565,2,2,4,yes,no,no,no,yes,1,no,furnished
5616000,8046,4,1,2,yes,no,no,no,no,0,yes,furnished
5614000,10801,5,1,2,yes,no,yes,no,no,1,no,unfurnished
5609000,10312,3,2,2,yes,no,yes,no,no,3,no,unfurnished
5605000,9068,3,1,1,yes,yes,yes,no,yes,0,yes,unfurnished
5604000,10796,3,1,1,no,yes,no,no,yes,0,no,semi-furnished
5603000,9050,4,1,2,yes,no,yes,no,no,1,yes,semi-furnished
5601000,9042,3,2,2,no,yes,no,no,no,2,yes,furnished
5600000,9660,3,2,2,yes,no,no,no,yes,0,no,unfurnished
5596000,8930,2,4,2,yes,yes,yes,no,yes,1,no,semi-furnished
5592000,11287,4,1,1,yes,no,yes,no,no,0,no,furnished
5592000,12228,3,2,1,no,no,yes,no,yes,1,no,semi-furnished
5591000,9703,2,4,1,yes,no,no,no,no,3,no,semi-furnished
5578000,8858,3,1,4,no,no,no,no,no,0,no,furnished
5576000,8749,2,4,3,yes,no,no,no,no,1,no,unfurnished
5569000,10316,3,2,3,yes,no,yes,no,no,0,no,unfurnished
5565000,8555,4,1,3,yes,no,no,no,yes,0,no,furnished
5558000,9770,6,1,3,yes,no,no,no,no,1,no,unfurnished
5557000,10817,3,1,2,yes,yes,no,no,no,2,no,furnished
5554000,10297,1,3,2,yes,yes,no,no,no,0,yes,semi-furnished
5551000,10981,3,1,3,yes,no,no,no,no,0,no,semi-furnished
5545000,9746,3,1,3,no,no,no,no,yes,0,no,furnished
5540000,11211,3,1,3,yes,no,no,no,no,1,no,unfurnished
5527000,7542,3,1,3,yes,no,no,no,yes,1,no,semi-furnished
5527000,12233,2,2,2,no,no,yes,no,yes,0,no,semi-furnished
5521000,9007,2,1,2,yes,no,no,no,yes,0,no,furnished
5516000,10352,4,1,1,yes,yes,yes,no,no,3,no,furnished
5513000,9654,3,1,2,yes,yes,no,no,no,0,no,semi-furnished
5512000,8748,3,1,4,yes,no,no,no,no,3,no,semi-furnished
5512000,7567,5,4,2,yes,no,no,no,yes,0,no,unfurnished
5509000,13287,2,1,2,yes,no,no,no,no,0,yes,unfurnished
5508000,13419,1,1,2,no,yes,yes,no,no,1,no,semi-furnished
5504000,12002,2,1,1,yes,yes,no,no,yes,1,no,unfurnished
5504000,7928,4,1,4,yes,yes,no,no,no,0,yes,furnished
5502000,12743,2,3,1,no,no,yes,no,yes,0,no,unfurnished
5499000,9814,3,1,3,yes,no,yes,no,yes,0,no,unfurnished
5491000,9805,4,1,3,no,no,no,no,no,3,yes,unfurnished
5478000,11059,3,2,1,yes,no,no,no,yes,1,no,unfurnished
5465000,12366,3,2,2,yes,no,yes,no,no,1,no,unfurnished
5465000,10221,2,2,1,no,no,no,no,no,3,yes,semi-furnished
5463000,12666,3,2,1,yes,no,no,no,no,1,no,furnished
5462000,11337,3,1,3,yes,no,no,no,yes,0,no,semi-furnished
5462000,9054,5,1,1,yes,no,yes,no,no,1,no,unfurnished
5461000,8691,2,1,4,no,yes,yes,no,yes,1,no,unfurnished
5457000,10404,2,2,1,yes,yes,no,no,no,0,no,semi-furnished
5456000,10065,3,2,2,yes,yes,no,no,no,2,no,furnished
5445000,11439,3,2,1,yes,no,no,no,no,2,no,unfurnished
5434000,6537,3,3,3,yes,no,yes,no,no,3,no,unfurnished
5429000,8196,3,2,3,yes,no,yes,no,no,3,no,furnished
5427000,8621,4,1,2,yes,yes,no,no,no,1,yes,semi-furnished
5426000,11538,3,2,1,no,no,yes,no,no,0,no,unfurnished
5422000,7822,3,2,3,yes,no,no,no,yes,1,no,furnished
5419000,8264,2,2,2,yes,no,no,yes,yes,3,no,furnished
5416000,7514,3,2,1,yes,no,no,no,yes,2,no,furnished
5416000,9700,3,2,1,yes,yes,no,no,no,2,no,furnished
5415000,7384,4,2,1,yes,no,no,yes,yes,3,yes,furnished
5410000,12861,2,1,2,yes,no,no,no,no,0,no,unfurnished
5406000,9637,5,1,2,yes,yes,no,no,no,2,no,furnished
5404000,7180,3,3,3,yes,no,no,no,no,1,yes,semi-furnished
5403000,7953,4,1,2,yes,yes,no,no,yes,0,no,furnished
5402000,12577,2,1,2,yes,no,no,no,yes,0,no,semi-furnished
5397000,7647,2,4,1,yes,yes,yes,no,yes,3,no,furnished
5395000,8483,3,1,1,yes,yes,no,no,no,1,no,semi-furnished
5394000,9069,4,1,2,yes,yes,no,no,no,0,no,unfurnished
5390000,9099,3,1,2,no,no,no,no,yes,1,no,semi-furnished
5390000,7505,2,3,3,yes,no,no,yes,no,0,no,semi-furnished
5387000,10918,2,3,3,yes,no,no,no,no,1,no,unfurnished
5383000,11800,2,1,3,yes,no,no,no,no,0,no,unfurnished
5372000,10458,4,3,1,yes,no,no,no,yes,0,no,semi-furnished
5369000,7215,2,1,2,yes,no,no,no,yes,1,yes,semi-furnished
5368000,10854,1,2,1,yes,yes,yes,no,no,1,no,unfurnished
5368000,8134,4,1,1,yes,yes,yes,no,no,1,no,furnished
5356000,8840,3,2,1,yes,no,no,no,no,3,no,semi-furnished
5353000,8070,3,1,3,yes,yes,no,no,yes,0,no,furnished
5350000,9210,3,1,2,yes,yes,no,no,no,1,no,semi-furnished
5344000,7665,3,4,2,yes,no,no,yes,yes,0,no,unfurnished
5323000,10582,1,2,2,yes,no,yes,no,no,0,no,semi-furnished
5311000,5918,3,3,4,yes,no,no,no,yes,1,yes,unfurnished
5306000,6141,3,1,4,yes,yes,yes,no,no,0,no,furnished
5291000,8542,3,1,2,yes,yes,yes,no,no,0,no,furnished
5289000,5346,2,3,4,yes,yes,yes,no,no,0,no,furnished
5288000,11786,3,1,2,yes,no,no,yes,no,1,no,semi-furnished
5263000,8089,3,1,3,yes,yes,yes,no,no,0,no,semi-furnished
5262000,8916,3,1,1,yes,no,no,no,no,2,no,furnished
5260000,9760,2,2,1,yes,no,yes,no,yes,0,no,furnished
5254000,6379,4,2,1,yes,no,yes,no,yes,1,no,semi-furnished
5242000,5563,3,4,3,yes,yes,yes,yes,no,0,no,furnished
5241000,6955,3,1,3,yes,yes,yes,no,no,1,no,unfurnished
5235000,10095,2,1,2,yes,yes,no,no,no,3,no,furnished
5232000,9427,2,2,2,yes,no,yes,no,no,2,yes,unfurnished
5231000,7409,3,1,3,yes,no,no,no,no,1,yes,semi-furnished
5230000,7531,1,4,3,yes,no,no,no,no,1,no,semi-furnished
5223000,7040,4,1,1,yes,yes,no,no,yes,3,yes,semi-furnished
5219000,9988,2,2,1,yes,no,no,no,no,1,no,semi-furnished
5217000,6811,4,1,2,no,no,yes,yes,no,3,no,furnished
5216000,7569,3,2,2,yes,no,no,no,yes,0,no,unfurnished
5215000,8449,4,2,3,yes,no,no,no,yes,1,no,furnished
5212000,7981,1,2,3,yes,no,yes,no,yes,3,no,unfurnished
5207000,7246,3,1,4,yes,no,no,no,yes,1,no,semi-furnished
5207000,8842,3,1,1,yes,no,no,no,yes,0,no,unfurnished
5206000,8238,3,2,2,yes,yes,no,no,no,2,no,semi-furnished
5203000,6030,4,2,2,no,yes,yes,no,yes,0,no,furnished
5195000,6427,5,2,2,yes,no,yes,no,no,3,no,furnished
5186000,9050,3,1,4,no,yes,no,no,no,1,no,unfurnished
5185000,8620,4,2,1,yes,no,no,no,no,3,no,semi-furnished
5176000,8764,2,1,2,yes,yes,no,no,yes,1,no,unfurnished
5170000,9858,3,1,1,yes,no,no,no,no,2,no,unfurnished
5162000,4519,3,2,3,yes,yes,no,no,yes,1,no,furnished
5153000,7441,4,4,1,yes,no,no,no,no,0,no,unfurnished
5151000,8107,2,1,1,yes,yes,no,yes,no,2,no,furnished
5150000,6943,2,2,1,yes,no,yes,no,yes,2,no,semi-furnished
5140000,6908,5,1,3,yes,no,no,yes,yes,1,no,unfurnished
5139000,9732,2,1,1,yes,no,no,no,no,1,no,furnished
5139000,10002,4,2,1,yes,yes,no,no,no,0,no,unfurnished
5131000,8616,3,2,1,yes,no,no,no,no,1,no,unfurnished
5128000,6115,3,3,3,yes,no,no,no,no,1,no,furnished
5123000,9059,3,1,3,yes,no,yes,no,yes,0,no,unfurnished
5123000,3059,3,4,3,yes,no,yes,no,no,1,no,furnished
5122000,12120,4,1,1,yes,no,yes,no,no,0,no,unfurnished
5121000,7275,3,2,1,yes,no,no,no,yes,1,no,semi-furnished
5110000,6774,3,1,3,yes,no,no,no,yes,1,no,semi-furnished
5091000,8191,2,1,2,yes,no,no,no,yes,2,no,unfurnished
5091000,6951,3,1,2,yes,no,yes,no,no,1,no,furnished
5084000,9035,4,1,2,yes,no,yes,no,no,2,yes,unfurnished
5071000,9071,3,1,2,yes,no,no,no,no,1,yes,semi-furnished
5070000,7185,3,3,3,yes,no,no,no,yes,1,no,semi-furnished
5061000,8588,2,1,1,yes,yes,yes,no,no,1,yes,unfurnished
5061000,5156,4,1,3,no,yes,yes,no,yes,1,no,furnished
5056000,8729,1,1,2,yes,yes,no,no,no,3,no,semi-furnished
5047000,6679,3,1,4,yes,yes,no,no,yes,0,no,unfurnished
5047000,7250,3,2,1,yes,no,no,no,yes,1,no,furnished
5046000,7639,3,3,1,yes,yes,no,no,yes,0,no,semi-furnished
5042000,7627,5,1,1,no,no,yes,no,yes,2,no,unfurnished
5034000,5947,2,1,2,yes,no,no,no,yes,1,yes,furnished
5030000,7073,3,1,3,yes,no,no,no,no,1,yes,furnished
5028000,6872,2,1,4,yes,no,no,yes,yes,0,yes,unfurnished
5027000,6882,4,1,4,yes,no,no,no,yes,0,no,furnished
5026000,4625,3,4,4,yes,yes,no,no,yes,2,no,furnished
5021000,8588,2,1,2,yes,no,no,no,yes,2,no,semi-furnished
5019000,9519,3,1,1,yes,yes,no,no,no,1,no,unfurnished
5014000,7228,3,2,3,no,no,yes,no,no,1,no,semi-furnished
5006000,7692,4,2,2,yes,no,no,no,no,1,no,semi-furnished
5005000,5849,3,2,3,yes,no,no,no,no,2,yes,semi-furnished
5003000,8865,4,1,2,yes,yes,no,no,no,1,no,furnished
4992000,7100,6,2,2,yes,no,no,yes,yes,2,no,furnished
4983000,5575,5,2,1,yes,yes,no,no,no,3,yes,semi-furnished
4982000,8895,3,4,1,yes,no,no,no,no,1,no,unfurnished
4976000,6984,3,1,2,yes,no,no,no,yes,1,no,furnished
4975000,7963,3,2,2,yes,no,no,no,no,1,no,unfurnished
4973000,11416,2,2,1,yes,no,no,no,no,1,no,semi-furnished
4970000,7885,1,1,1,yes,no,no,no,yes,2,no,furnished
4967000,5416,6,2,3,yes,no,yes,no,no,3,yes,semi-furnished
4963000,7225,1,1,2,yes,yes,no,no,no,2,no,semi-furnished
4954000,9105,2,1,2,yes,no,yes,no,yes,1,no,unfurnished
4946000,7945,4,1,2,yes,yes,no,no,yes,1,no,furnished
4934000,8808,3,2,1,yes,yes,no,no,no,0,no,semi-furnished
4931000,9163,4,1,4,yes,yes,no,yes,no,1,no,unfurnished
4929000,9969,5,1,1,yes,yes,yes,no,no,0,yes,unfurnished
4916000,9204,3,1,2,yes,no,no,no,no,0,no,unfurnished
4912000,9176,3,2,2,no,no,no,yes,no,0,no,unfurnished
4906000,4436,2,4,2,yes,no,no,no,no,2,no,unfurnished
4905000,6063,4,2,1,no,no,no,no,yes,0,yes,semi-furnished
4901000,5828,4,1,4,yes,yes,no,no,no,3,no,furnished
4900000,7627,2,3,1,yes,yes,no,no,no,0,yes,semi-furnished
4895000,7395,2,1,4,yes,no,no,no,yes,0,yes,unfurnished
4891000,9644,3,3,2,yes,no,yes,no,no,0,yes,unfurnished
4887000,11371,4,1,2,yes,no,no,no,no,2,no,unfurnished
4885000,9224,3,1,2,yes,no,yes,no,no,1,no,semi-furnished
4884000,9652,5,2,1,yes,no,no,no,no,0,no,unfurnished
4884000,7191,4,3,2,yes,no,no,no,no,0,yes,unfurnished
4881000,9318,3,2,2,yes,no,no,no,yes,0,no,semi-furnished
4863000,10352,4,1,1,yes,yes,no,no,no,1,no,unfurnished
4853000,7295,3,1,2,yes,no,yes,no,no,0,no,furnished
4853000,7599,4,1,1,yes,no,no,no,no,1,no,unfurnished
4850000,8989,3,1,2,yes,no,no,no,no,2,no,semi-furnished
4849000,6701,2,3,2,yes,no,no,no,no,0,yes,furnished
4845000,8654,3,3,2,yes,no,no,no,no,1,no,furnished
4844000,9542,3,1,1,yes,yes,no,no,no,1,no,semi-furnished
4841000,6618,5,2,3,yes,no,no,no,no,2,no,unfurnished
4839000,8513,3,1,2,yes,no,yes,no,yes,1,no,furnished
4838000,9639,3,4,1,no,no,no,no,yes,3,no,unfurnished
4835000,10595,4,1,1,no,no,no,no,yes,0,no,semi-furnished
4831000,8318,3,4,2,no,no,no,no,no,0,no,unfurnished
4828000,6702,4,1,3,yes,no,no,no,no,1,no,furnished
4821000,6083,4,3,2,yes,yes,no,no,yes,1,no,unfurnished
4820000,6143,3,1,1,yes,yes,no,no,no,1,yes,unfurnished
4811000,7136,4,1,2,yes,no,no,no,no,1,yes,unfurnished
4808000,7092,3,1,4,no,yes,no,yes,no,0,no,unfurnished
4796000,4141,6,1,3,yes,no,yes,no,no,2,no,semi-furnished
4795000,9770,2,1,1,yes,no,no,no,no,0,no,semi-furnished
4794000,8706,4,1,2,yes,yes,no,no,no,3,no,unfurnished
4793000,5206,2,2,3,yes,yes,no,no,no,1,yes,furnished
4790000,5729,2,2,2,yes,yes,no,no,yes,1,no,semi-furnished
4765000,5808,5,1,3,yes,no,no,no,no,1,no,unfurnished
4762000,6261,5,2,1,yes,yes,yes,no,yes,0,yes,unfurnished
4756000,5023,4,1,3,yes,yes,no,no,no,1,no,furnished
4755000,11665,2,2,1,yes,no,no,no,no,0,no,semi-furnished
4752000,7341,5,2,1,yes,no,yes,no,no,1,yes,semi-furnished
4750000,6198,5,2,2,yes,no,no,no,yes,2,no,unfurnished
4750000,6970,2,2,2,yes,no,no,no,no,1,no,furnished
4749000,8891,1,1,1,yes,no,no,no,no,3,no,furnished
4730000,6965,3,1,2,yes,no,yes,no,yes,1,no,unfurnished
4728000,6784,3,2,2,yes,no,no,no,yes,2,no,furnished
4722000,6961,5,1,1,yes,no,yes,no,no,0,yes,semi-furnished
4722000,8523,2,2,4,no,no,yes,no,no,1,no,furnished
4712000,7242,2,1,3,yes,yes,no,no,yes,0,no,semi-furnished
4702000,8178,3,1,3,yes,no,no,no,no,0,no,unfurnished
4698000,7451,3,2,1,yes,no,no,no,no,2,no,semi-furnished
4685000,5664,4,1,1,yes,no,yes,no,yes,2,no,furnished
4680000,5398,3,2,4,yes,yes,yes,no,no,0,no,semi-furnished
4668000,6387,2,1,2,yes,no,yes,yes,no,0,yes,semi-furnished
4665000,7349,4,2,1,no,no,no,yes,yes,2,no,furnished
4659000,6308,4,2,2,yes,no,yes,no,no,1,no,semi-furnished
4649000,4993,4,2,2,yes,no,no,yes,yes,1,no,semi-furnished
4648000,9159,3,3,1,yes,yes,no,no,no,1,no,semi-furnished
4645000,6838,2,1,2,yes,no,no,no,yes,1,no,furnished
4638000,5637,2,2,2,yes,no,yes,no,no,3,yes,furnished
4635000,5419,4,2,2,yes,no,yes,yes,yes,0,no,semi-furnished
4612000,8269,4,1,1,no,yes,no,no,no,1,no,unfurnished
4609000,6149,3,2,1,yes,no,yes,no,no,1,no,semi-furnished
4605000,6899,4,1,2,yes,no,no,no,no,1,no,furnished
4601000,7294,4,2,1,yes,no,no,no,no,0,no,unfurnished
4596000,6623,3,1,4,no,no,no,no,no,0,no,furnished
4593000,9133,4,1,1,yes,no,no,no,no,1,no,semi-furnished
4586000,6454,3,1,4,yes,no,no,yes,yes,1,no,semi-furnished
4584000,6039,2,2,4,yes,no,no,no,no,1,yes,unfurnished
4582000,7638,3,1,4,yes,no,no,no,no,1,no,unfurnished
4581000,4758,5,1,3,yes,yes,yes,no,no,0,no,semi-furnished
4575000,9279,3,1,2,yes,no,no,no,no,1,no,unfurnished
4575000,6841,4,2,2,yes,no,no,no,no,1,no,semi-furnished
4557000,8980,4,2,1,no,no,no,no,yes,1,no,unfurnished
4550000,7268,1,1,2,yes,yes,yes,no,no,3,no,semi-furnished
4549000,5211,3,2,4,no,no,yes,no,yes,1,no,furnished
4547000,5425,4,2,1,yes,no,no,no,no,0,no,furnished
4544000,8398,3,1,2,no,yes,no,no,no,0,no,semi-furnished
4539000,5624,4,1,1,yes,yes,no,no,no,2,no,furnished
4535000,6509,5,2,3,yes,no,no,no,yes,2,no,semi-furnished
4534000,8180,4,1,2,no,no,no,no,no,1,no,semi-furnished
4531000,5825,3,1,1,yes,yes,yes,no,yes,2,no,unfurnished
4530000,6402,2,2,2,yes,no,no,no,no,3,no,semi-furnished
4530000,4489,4,3,3,yes,no,yes,no,yes,2,yes,unfurnished
4529000,6766,2,2,2,yes,no,yes,yes,no,2,no,semi-furnished
4525000,6614,5,1,1,no,yes,no,no,yes,2,yes,furnished
4522000,6205,3,1,1,yes,no,no,no,yes,1,no,furnished
4517000,7363,3,1,2,yes,yes,no,no,no,1,no,semi-furnished
4511000,5286,3,1,2,yes,yes,yes,no,no,1,yes,unfurnished
4510000,4429,4,2,4,yes,yes,no,no,no,2,yes,unfurnished
4505000,9823,2,1,1,yes,no,yes,no,yes,1,no,semi-furnished
4500000,10083,3,1,2,yes,yes,no,no,no,1,no,unfurnished
4498000,4749,5,2,1,yes,yes,yes,no,no,1,no,unfurnished
4491000,7382,2,2,2,yes,no,yes,no,no,3,no,furnished
4490000,4617,3,3,2,yes,no,yes,no,yes,2,no,semi-furnished
4490000,8685,1,2,1,yes,yes,no,no,no,2,yes,unfurnished
4474000,6596,4,3,3,yes,yes,no,no,no,1,no,furnished
4470000,4381,3,3,2,yes,no,no,no,no,2,no,furnished
4463000,5090,3,2,2,yes,no,no,yes,no,1,no,semi-furnished
4456000,7937,3,1,1,yes,no,no,yes,no,1,no,semi-furnished
4456000,6398,3,2,3,yes,no,no,no,no,3,yes,unfurnished
4453000,5069,2,2,3,yes,yes,yes,no,no,2,yes,furnished
4452000,5513,3,1,2,yes,no,no,yes,yes,1,no,unfurnished
4451000,7840,3,1,3,no,no,yes,no,no,1,no,furnished
4451000,7636,3,2,1,yes,no,yes,no,no,0,no,unfurnished
4442000,6723,4,3,3,no,no,no,no,yes,0,yes,semi-furnished
4438000,7184,3,1,1,yes,no,yes,no,yes,0,no,unfurnished
4427000,5757,2,2,3,yes,yes,no,no,no,0,yes,semi-furnished
4426000,6827,3,2,2,yes,no,no,no,yes,2,no,semi-furnished
4417000,1875,5,1,3,yes,yes,no,no,yes,2,no,furnished
4405000,5792,1,1,3,yes,no,no,no,yes,0,no,semi-furnished
4405000,4797,4,4,1,yes,no,yes,yes,no,0,no,furnished
4398000,3488,4,2,3,yes,yes,no,no,yes,1,no,furnished
4379000,8235,5,2,1,no,no,yes,no,no,1,no,furnished
4379000,6146,2,1,3,yes,no,yes,no,no,2,yes,semi-furnished
4373000,4974,4,1,2,yes,no,no,no,no,0,yes,semi-furnished
4369000,7943,1,1,1,yes,no,yes,no,yes,2,yes,unfurnished
4341000,6519,4,1,4,no,no,no,no,yes,0,no,unfurnished
4337000,9237,3,2,2,yes,no,no,no,no,0,no,unfurnished
4332000,6145,2,3,2,yes,no,no,no,yes,3,yes,semi-furnished
4327000,2425,3,2,4,yes,yes,no,no,yes,1,no,furnished
4319000,6194,4,1,2,yes,no,yes,no,no,1,no,semi-furnished
4317000,3178,6,2,2,no,no,no,yes,yes,0,yes,furnished
4312000,8024,4,2,2,no,yes,yes,no,no,1,no,unfurnished
4306000,4774,3,1,2,yes,yes,no,yes,no,2,no,semi-furnished
4303000,6459,3,2,2,yes,no,no,no,no,1,no,semi-furnished
4298000,5504,2,2,4,no,no,no,no,yes,2,yes,furnished
4294000,5277,3,1,2,no,yes,no,no,no,1,yes,furnished
4287000,7937,3,1,2,yes,no,no,no,no,0,no,semi-furnished
4286000,2956,3,3,4,yes,no,yes,no,yes,3,no,unfurnished
4283000,6561,3,1,2,yes,no,yes,no,yes,2,no,furnished
4272000,2772,3,1,4,yes,no,yes,no,yes,2,yes,semi-furnished
4269000,3977,1,1,4,yes,no,no,no,yes,0,yes,furnished
4251000,7966,4,2,1,yes,no,yes,no,no,0,no,semi-furnished
4242000,4343,4,2,3,yes,no,yes,no,no,2,no,unfurnished
4240000,8344,2,2,1,yes,no,no,no,yes,1,no,unfurnished
4239000,3329,3,2,4,yes,no,yes,no,yes,1,no,furnished
4238000,7376,2,1,2,yes,no,yes,yes,no,2,no,unfurnished
4232000,6138,6,1,2,yes,yes,no,no,yes,2,no,unfurnished
4230000,4917,3,1,1,no,no,yes,no,yes,0,yes,semi-furnished
4221000,9040,3,1,2,yes,no,no,no,no,0,no,semi-furnished
4218000,5821,4,2,1,yes,yes,yes,no,no,1,no,semi-furnished
4206000,5899,4,3,3,yes,yes,no,no,no,1,yes,semi-furnished
4199000,5540,4,2,3,yes,no,yes,no,yes,0,no,semi-furnished
4199000,5369,4,2,2,yes,yes,yes,no,no,0,no,furnished
4187000,6581,3,1,1,no,yes,yes,no,no,1,no,furnished
4186000,5868,5,1,1,yes,no,no,no,no,1,no,furnished
4183000,2041,3,2,2,yes,no,yes,no,no,3,yes,semi-furnished
4168000,5359,4,1,1,yes,no,yes,no,yes,0,no,semi-furnished
4159000,6998,2,1,1,yes,yes,no,no,no,1,no,unfurnished
4127000,5490,3,2,1,yes,yes,no,no,no,2,no,unfurnished
4126000,5094,3,3,2,yes,no,yes,yes,no,2,no,furnished
4121000,4655,2,1,1,yes,no,no,no,yes,2,yes,semi-furnished
4120000,7325,3,1,1,yes,yes,yes,no,no,1,yes,semi-furnished
4110000,3855,3,2,3,yes,yes,no,no,yes,1,no,semi-furnished
4108000,3460,4,3,1,yes,no,no,no,no,2,no,furnished
4106000,5160,5,1,1,yes,no,no,no,yes,2,no,furnished
4106000,6430,6,1,1,yes,yes,yes,no,no,0,no,semi-furnished
4104000,6499,4,1,3,yes,no,yes,no,yes,0,no,unfurnished
4100000,4754,4,1,1,yes,no,no,no,yes,0,yes,unfurnished
4099000,3192,3,2,2,yes,no,yes,no,yes,1,yes,semi-furnished
4098000,7782,3,2,1,no,no,no,no,yes,2,no,unfurnished
4096000,4600,3,1,2,yes,yes,yes,no,no,1,yes,unfurnished
4094000,6010,3,1,1,yes,no,yes,no,no,2,yes,furnished
4086000,7136,4,2,4,yes,no,no,no,no,0,no,unfurnished
4080000,7186,2,2,2,no,no,no,no,no,1,no,furnished
4080000,7189,3,1,1,yes,no,no,no,no,2,no,furnished
4070000,4218,2,2,2,yes,yes,yes,yes,no,1,no,furnished
4063000,8814,2,1,1,yes,no,yes,no,no,0,no,unfurnished
4058000,6434,2,4,2,no,no,no,no,no,3,no,semi-furnished
4057000,9210,2,3,2,no,yes,no,no,no,1,no,unfurnished
4055000,7652,3,1,1,yes,yes,no,no,no,1,no,furnished
4042000,4189,1,2,3,yes,yes,no,no,yes,1,no,furnished
4038000,3134,4,2,3,yes,no,no,no,yes,1,no,furnished
4037000,4561,3,1,1,yes,no,yes,no,yes,2,no,furnished
4033000,4659,3,2,1,yes,no,no,no,no,0,yes,unfurnished
4032000,4791,3,1,2,yes,yes,no,no,yes,2,no,furnished
4030000,6142,2,1,2,yes,no,no,yes,yes,1,no,furnished
4020000,4161,3,4,2,yes,no,no,no,yes,0,yes,unfurnished
3999000,3609,2,2,1,yes,no,yes,no,no,0,no,furnished
3996000,8305,1,1,2,yes,no,no,no,no,0,yes,semi-furnished
3987000,6754,3,1,2,no,no,no,no,yes,0,no,furnished
3987000,3314,4,1,4,yes,no,yes,no,no,1,no,semi-furnished
3980000,2480,3,3,4,yes,no,yes,no,yes,1,no,furnished
3972000,6118,2,2,3,yes,no,no,no,yes,1,no,unfurnished
3959000,5836,3,1,2,yes,no,no,no,no,1,no,semi-furnished
3954000,4723,4,1,3,yes,no,no,no,yes,0,no,semi-furnished
3953000,4892,4,1,3,yes,no,no,no,yes,0,no,semi-furnished
3951000,4395,4,1,3,yes,no,yes,no,no,1,no,semi-furnished
3948000,4573,3,1,3,yes,no,no,no,no,0,no,furnished
3947000,7037,3,4,1,yes,no,no,no,no,1,no,unfurnished
3945000,6543,4,2,2,yes,no,no,no,no,1,no,unfurnished
3945000,7238,5,1,1,yes,no,no,yes,no,0,no,furnished
3945000,8381,3,3,3,no,no,no,no,no,0,no,unfurnished
3943000,4397,3,2,2,yes,yes,no,no,yes,2,no,semi-furnished
3936000,5711,2,1,1,yes,no,no,yes,no,2,no,furnished
3933000,4521,3,4,2,yes,no,no,no,no,0,no,furnished
3923000,6738,4,1,1,yes,no,yes,no,no,1,no,unfurnished
3921000,2419,3,2,3,yes,yes,yes,no,no,1,no,semi-furnished
3920000,8916,3,1,1,yes,no,no,no,no,0,no,semi-furnished
3902000,6430,2,2,2,yes,no,no,no,yes,0,no,unfurnished
3902000,1804,4,2,2,yes,yes,yes,yes,yes,1,no,unfurnished
3899000,4104,3,1,2,yes,no,yes,no,no,3,yes,unfurnished
3895000,6626,4,3,1,yes,no,no,no,no,0,no,unfurnished
3895000,5980,3,1,2,yes,no,no,no,no,1,no,furnished
3890000,6386,4,1,3,yes,no,no,no,no,0,no,unfurnished
3890000,7113,1,1,2,no,no,no,no,no,0,no,furnished
3885000,3466,4,1,1,yes,no,yes,yes,no,3,no,furnished
3871000,6292,4,3,1,yes,no,no,no,no,1,no,unfurnished
3866000,4432,4,1,3,yes,yes,no,no,no,1,no,unfurnished
3864000,4440,4,1,2,yes,no,yes,no,no,1,yes,unfurnished
3864000,5231,4,1,3,yes,no,no,no,no,1,no,semi-furnished
3862000,3732,5,1,2,yes,yes,no,no,yes,2,no,unfurnished
3859000,4461,4,3,3,yes,no,no,no,no,0,no,furnished
3855000,7242,2,1,1,yes,no,no,no,no,0,no,furnished
3855000,5044,6,1,1,yes,no,no,no,yes,0,no,unfurnished
3852000,2317,5,1,2,yes,yes,yes,no,no,0,no,semi-furnished
3845000,2349,4,1,2,yes,no,yes,no,yes,1,no,semi-furnished
3841000,3755,3,1,4,yes,no,no,no,yes,0,no,furnished
3838000,4701,6,1,2,yes,no,no,no,no,2,no,unfurnished
3835000,4353,3,1,3,yes,yes,no,no,yes,1,no,furnished
3832000,2678,3,1,2,yes,yes,no,no,yes,2,no,furnished
3829000,5004,4,2,1,no,yes,yes,no,no,3,yes,unfurnished
3828000,2709,3,1,3,yes,no,yes,no,yes,0,no,furnished
3827000,6076,4,3,1,yes,yes,no,no,no,0,no,semi-furnished
3821000,3328,4,1,2,yes,no,yes,no,no,1,no,semi-furnished
3817000,3697,3,2,2,yes,no,no,no,yes,0,yes,furnished
3812000,5286,2,2,1,yes,no,no,no,yes,0,yes,unfurnished
3811000,4488,3,2,4,no,yes,no,no,yes,1,no,semi-furnished
3805000,3677,6,2,1,no,no,no,no,no,1,yes,semi-furnished
3780000,4207,4,2,2,yes,yes,no,no,no,2,no,semi-furnished
3776000,4820,5,1,2,yes,yes,no,no,yes,2,no,unfurnished
3772000,6822,3,1,3,yes,no,yes,no,no,0,no,semi-furnished
3766000,6205,4,1,1,yes,no,no,no,yes,0,no,semi-furnished
3763000,4626,4,1,2,yes,no,no,no,yes,2,no,furnished
3762000,4977,3,2,2,yes,no,no,no,no,1,no,unfurnished
3762000,3283,3,2,4,yes,yes,yes,no,yes,0,no,semi-furnished
3761000,7545,2,2,2,yes,no,no,no,no,1,no,unfurnished
3760000,2917,3,3,3,yes,no,no,no,no,3,no,semi-furnished
3753000,4394,2,3,2,yes,no,yes,no,yes,2,no,unfurnished
3740000,7915,3,2,1,yes,no,no,no,no,1,no,semi-furnished
3738000,5796,2,1,2,no,yes,no,no,yes,1,no,furnished
3727000,2834,4,1,4,yes,yes,no,no,yes,1,no,furnished
3726000,2256,4,1,3,yes,yes,yes,no,no,3,yes,unfurnished
3725000,5136,1,1,4,yes,no,no,no,no,1,no,semi-furnished
3724000,3015,3,3,2,yes,yes,no,no,yes,2,no,furnished
3714000,6926,4,1,1,yes,no,no,no,no,1,no,furnished
3687000,2834,4,1,2,no,no,no,no,no,3,no,furnished
3682000,5493,3,1,1,yes,yes,no,no,no,1,no,unfurnished
3677000,6385,2,1,1,yes,no,no,no,no,3,no,unfurnished
3677000,3231,2,2,1,yes,yes,no,no,yes,0,no,furnished
3669000,5086,2,1,1,yes,yes,yes,no,no,2,no,unfurnished
3665000,2187,4,1,4,yes,yes,no,no,yes,3,no,unfurnished
3660000,4807,3,2,1,yes,yes,no,no,yes,2,no,unfurnished
3660000,7043,3,1,1,yes,no,yes,no,no,1,no,unfurnished
3659000,5932,2,1,2,no,no,yes,no,yes,3,no,unfurnished
3659000,2719,4,1,2,yes,no,no,no,yes,2,yes,unfurnished
3651000,4802,3,2,2,yes,no,no,no,yes,2,no,semi-furnished
3641000,3699,6,1,1,yes,no,yes,no,no,0,yes,furnished
3639000,4388,2,4,1,yes,yes,no,no,no,0,no,semi-furnished
3636000,5720,2,1,1,yes,no,no,no,no,1,no,furnished
3634000,3648,2,1,1,yes,no,yes,no,no,0,no,furnished
3633000,5136,2,1,3,yes,yes,yes,no,no,0,no,unfurnished
3629000,3452,3,1,2,yes,no,yes,no,yes,0,no,unfurnished
3624000,3545,6,2,2,yes,no,no,yes,yes,2,no,semi-furnished
3616000,3298,4,1,1,yes,yes,no,yes,no,0,yes,unfurnished
3605000,3343,3,2,3,yes,no,yes,no,no,0,yes,unfurnished
3605000,6713,2,1,2,no,no,no,no,no,1,no,furnished
3603000,5234,3,1,2,yes,no,no,yes,yes,1,no,unfurnished
3600000,4611,2,1,1,yes,yes,no,no,yes,1,no,semi-furnished
3596000,6102,2,1,1,yes,no,no,no,yes,2,no,semi-furnished
3584000,4139,2,2,4,yes,no,yes,no,yes,0,no,semi-furnished
3573000,4499,2,1,3,yes,no,no,no,yes,3,no,furnished
3569000,6630,2,1,2,yes,no,no,no,yes,0,no,semi-furnished
3567000,2045,3,1,2,yes,no,yes,no,yes,1,no,furnished
3561000,5650,2,1,2,yes,no,no,no,yes,0,no,unfurnished
3550000,3791,4,3,3,yes,yes,no,no,no,0,no,unfurnished
3540000,2434,3,2,1,yes,no,no,yes,yes,0,no,semi-furnished
3540000,7504,2,2,2,yes,no,no,no,no,1,no,unfurnished
3528000,3503,3,2,1,no,no,no,no,yes,0,no,unfurnished
3520000,5096,3,2,1,yes,no,yes,no,no,2,no,unfurnished
3515000,3003,5,2,3,yes,no,no,yes,no,0,no,semi-furnished
3512000,3221,2,1,1,yes,yes,no,no,yes,3,yes,unfurnished
3507000,4208,2,1,2,yes,yes,no,no,no,0,yes,unfurnished
3498000,5070,1,1,4,yes,no,no,no,no,1,no,furnished
3490000,4383,3,1,3,yes,no,no,no,no,1,no,furnished
3487000,2841,2,1,2,yes,no,no,no,yes,1,no,semi-furnished
3475000,4722,2,1,3,yes,no,no,no,no,0,yes,semi-furnished
3469000,5593,2,1,2,yes,yes,no,no,yes,1,no,semi-furnished
3467000,2309,3,1,4,yes,no,yes,no,yes,1,no,unfurnished
3462000,5650,3,1,3,yes,no,yes,no,no,1,no,unfurnished
3460000,5413,2,1,2,yes,no,yes,no,no,1,no,unfurnished
3459000,5322,1,1,2,yes,yes,yes,no,no,1,yes,unfurnished
3451000,2710,1,1,4,yes,no,no,no,no,1,no,furnished
3449000,2152,2,1,2,yes,no,no,yes,yes,2,no,furnished
3448000,2503,3,3,2,yes,no,no,no,no,3,no,semi-furnished
3429000,3793,3,1,3,yes,yes,no,no,no,2,no,unfurnished
3422000,2974,2,2,4,yes,no,yes,no,no,0,no,furnished
3422000,2504,3,1,4,yes,yes,yes,no,no,1,no,furnished
3417000,2868,2,1,3,yes,no,yes,no,no,0,no,unfurnished
3407000,2864,4,2,2,yes,no,no,no,yes,0,no,semi-furnished
3406000,6286,3,1,1,yes,yes,no,no,no,0,no,semi-furnished
3404000,1654,4,1,2,yes,no,yes,no,no,2,yes,furnished
3396000,1856,2,1,3,no,no,no,no,no,1,yes,semi-furnished
3396000,3850,6,1,1,yes,no,yes,no,no,2,yes,unfurnished
3387000,3549,3,2,1,yes,yes,no,no,no,1,no,semi-furnished
3387000,3335,3,2,1,yes,yes,no,no,yes,0,yes,semi-furnished
3384000,2941,1,1,3,yes,yes,no,no,yes,2,yes,semi-furnished
3382000,3313,4,1,4,yes,no,yes,no,yes,0,yes,unfurnished
3377000,2348,2,1,3,yes,no,no,no,no,0,yes,semi-furnished
3370000,2219,1,1,2,yes,yes,yes,no,no,3,yes,semi-furnished
3357000,4035,4,1,2,yes,no,yes,no,no,1,no,semi-furnished
3352000,4345,4,1,2,yes,yes,yes,no,no,1,no,unfurnished
3351000,3491,4,1,2,no,yes,yes,no,no,1,yes,furnished
3344000,2606,3,2,2,yes,yes,yes,no,yes,2,no,furnished
3340000,4129,3,1,1,yes,no,no,no,yes,0,no,semi-furnished
3336000,4077,2,1,1,yes,no,no,no,no,0,yes,unfurnished
3320000,2528,3,1,2,yes,no,yes,no,yes,3,no,unfurnished
3318000,3698,4,1,1,yes,no,yes,no,yes,0,no,furnished
3315000,4018,5,1,2,yes,no,no,no,no,2,no,unfurnished
3315000,3636,4,4,1,yes,no,no,no,no,1,no,semi-furnished
3310000,2800,3,4,1,yes,yes,yes,yes,no,1,no,unfurnished
3280000,2367,2,2,1,yes,yes,no,yes,yes,1,no,furnished
3268000,5035,3,1,1,yes,no,yes,yes,no,0,yes,unfurnished
3266000,3145,2,4,2,no,no,no,no,no,1,no,semi-furnished
3252000,4331,5,1,3,yes,no,no,no,yes,1,no,unfurnished
3228000,4954,2,1,1,yes,no,yes,no,no,1,yes,unfurnished
3220000,3286,2,4,4,yes,no,yes,no,yes,2,no,unfurnished
3220000,4456,3,1,2,yes,yes,no,no,no,1,no,furnished
3206000,4980,3,1,2,yes,no,yes,no,yes,1,no,unfurnished
3203000,5277,3,2,3,yes,no,no,no,no,0,no,unfurnished
3192000,2209,4,2,3,yes,no,no,no,no,0,no,semi-furnished
3182000,2712,4,2,1,yes,no,no,no,no,0,no,unfurnished
3182000,2574,2,3,1,yes,no,no,no,yes,0,no,semi-furnished
3181000,2798,5,2,1,yes,no,no,no,yes,1,no,semi-furnished
3163000,2906,4,1,1,yes,no,yes,no,no,1,no,semi-furnished
3146000,3357,2,1,1,yes,no,no,no,no,3,no,furnished
3144000,2230,5,1,3,yes,no,no,no,no,3,no,unfurnished
3142000,2348,3,1,3,yes,no,no,no,yes,2,no,unfurnished
3136000,6706,2,1,2,no,no,no,no,no,1,no,unfurnished
3123000,4564,4,1,3,yes,yes,no,no,no,1,no,unfurnished
3093000,3581,3,1,1,no,yes,no,no,no,0,yes,furnished
3088000,4820,4,1,2,yes,no,no,no,no,0,no,unfurnished
3085000,3650,2,2,2,yes,no,no,no,no,1,no,unfurnished
3082000,2630,4,2,1,no,no,yes,no,no,1,no,semi-furnished
3076000,2475,3,4,3,no,yes,no,no,no,1,no,semi-furnished
3061000,2731,1,4,2,no,yes,no,no,no,2,no,semi-furnished
3042000,5026,3,1,1,no,no,no,no,no,3,yes,unfurnished
3025000,4384,4,1,1,yes,no,no,no,no,0,no,semi-furnished
2989000,2224,3,1,2,no,yes,no,yes,no,1,yes,unfurnished
2976000,3977,5,1,3,yes,no,no,no,no,1,no,unfurnished
2952000,3905,2,2,2,yes,yes,no,no,no,0,no,semi-furnished
2949000,1714,2,2,1,yes,yes,no,no,yes,0,no,furnished
2939000,2154,3,1,3,yes,no,yes,no,yes,1,no,semi-furnished
2939000,2666,4,1,3,yes,no,no,no,no,3,no,semi-furnished
2939000,3407,3,2,1,yes,no,yes,no,no,0,no,unfurnished
2924000,2162,5,1,1,yes,no,no,no,yes,2,no,unfurnished
2923000,4581,4,1,2,yes,yes,no,no,no,2,no,semi-furnished
2912000,2671,4,1,2,yes,yes,no,no,no,2,no,semi-furnished
2900000,2366,4,1,1,yes,yes,no,no,yes,0,no,furnished
2892000,2062,2,1,3,no,no,yes,yes,no,2,no,semi-furnished
2843000,3181,2,3,2,yes,no,no,no,no,2,no,furnished
2839000,2645,2,2,1,yes,no,no,no,no,1,yes,furnished
2819000,4154,1,1,2,yes,no,yes,no,no,2,no,unfurnished
2783000,3190,4,1,2,yes,no,no,no,no,0,no,semi-furnished
2775000,3580,3,2,1,no,no,no,no,no,1,no,unfurnished
2766000,3806,3,1,1,yes,no,no,no,no,2,no,furnished
2762000,3337,3,1,1,yes,no,yes,no,no,0,no,unfurnished
2752000,2578,2,1,3,yes,no,no,no,yes,1,no,unfurnished
2715000,3235,2,1,1,yes,no,no,no,no,0,yes,furnished
2714000,4152,3,1,1,yes,no,no,no,no,3,no,unfurnished
2699000,1783,3,2,4,yes,no,no,no,no,0,no,unfurnished
2696000,2817,3,1,2,yes,no,no,no,no,1,no,semi-furnished
2694000,2510,3,1,1,yes,no,no,no,no,0,no,furnished
2686000,2513,4,1,4,yes,yes,no,no,no,0,no,semi-furnished
2658000,3712,2,1,3,yes,no,no,no,no,0,no,semi-furnished
2618000,2665,3,1,1,yes,no,yes,no,no,1,no,unfurnished
2611000,2313,3,1,2,yes,no,no,no,yes,0,no,semi-furnished
2607000,1847,2,1,2,yes,yes,no,no,no,1,no,furnished
2593000,3384,3,1,2,no,no,no,no,no,2,no,unfurnished
2592000,2285,2,1,1,yes,no,no,no,no,0,no,furnished
2586000,2695,4,1,1,yes,no,no,no,no,0,no,unfurnished
2574000,2189,2,2,4,yes,yes,no,no,no,0,no,semi-furnished
2559000,3336,2,1,2,yes,yes,no,no,no,1,no,furnished
2543000,2501,4,1,1,yes,no,no,no,no,1,no,unfurnished
2525000,2067,4,1,1,yes,yes,yes,no,no,2,no,unfurnished
2504000,2473,5,1,3,no,no,no,no,no,1,no,semi-furnished
2500000,3502,3,2,2,no,no,no,no,yes,0,yes,unfurnished
2495000,2034,4,1,2,yes,no,no,no,no,0,yes,unfurnished
2460000,1905,4,1,2,no,no,no,no,no,0,no,unfurnished
2450000,2804,4,2,2,yes,no,no,no,no,0,no,unfurnished
2443000,2716,4,2,2,yes,no,no,no,no,1,no,unfurnished
2418000,2116,3,1,3,yes,no,no,no,no,1,no,unfurnished
2411000,2603,2,2,1,yes,yes,yes,no,yes,0,no,unfurnished
2359000,1811,4,2,2,yes,no,no,no,yes,1,no,semi-furnished
2357000,1912,3,3,2,yes,no,no,no,no,3,no,semi-furnished
2333000,1748,3,1,3,yes,no,no,no,no,2,no,unfurnished
2315000,3493,3,2,3,no,no,no,no,no,2,no,semi-furnished
2301000,4262,3,1,1,no,no,no,no,no,3,no,semi-furnished
2235000,3343,3,2,1,no,no,no,no,no,0,no,semi-furnished
2115000,3843,1,1,1,yes,no,yes,no,no,0,no,unfurnished
2111000,1659,2,1,3,yes,no,no,no,yes,0,no,furnished
2065000,3110,2,1,2,yes,no,no,no,no,1,no,unfurnished
2054000,2054,3,1,2,yes,yes,yes,no,no,0,no,semi-furnished
2047000,1839,3,2,1,no,no,yes,no,no,0,no,semi-furnished
2008000,2526,2,1,1,yes,no,yes,no,yes,0,no,unfurnished
2001000,2378,1,2,3,yes,no,no,no,no,0,no,furnished
1997000,1852,3,1,2,yes,no,yes,no,no,1,yes,unfurnished
1939000,1951,2,1,1,no,no,no,no,no,1,no,semi-furnished
1820000,1840,2,1,2,yes,yes,no,no,yes,0,no,unfurnished
1750000,2378,1,1,1,yes,no,no,no,no,3,no,unfurnished
1750000,3015,3,1,3,no,yes,no,no,no,0,no,unfurnished
1750000,4083,3,1,1,yes,no,yes,no,no,1,no,semi-furnished
